-- phpMyAdmin SQL Dump
-- version 4.9.10
-- https://www.phpmyadmin.net/
--
-- Host: new-rayqubedb.cgadm6qocc9l.ap-south-1.rds.amazonaws.com:3306
-- Generation Time: Oct 19, 2022 at 06:13 AM
-- Server version: 8.0.28
-- PHP Version: 7.4.30

SET SQL_MODE = "NO_AUTO_VALUE_ON_ZERO";
SET AUTOCOMMIT = 0;
START TRANSACTION;
SET time_zone = "+00:00";


/*!40101 SET @OLD_CHARACTER_SET_CLIENT=@@CHARACTER_SET_CLIENT */;
/*!40101 SET @OLD_CHARACTER_SET_RESULTS=@@CHARACTER_SET_RESULTS */;
/*!40101 SET @OLD_COLLATION_CONNECTION=@@COLLATION_CONNECTION */;
/*!40101 SET NAMES utf8mb4 */;

--
-- Database: `hm_final`
--

-- --------------------------------------------------------

--
-- Table structure for table `assets`
--

CREATE TABLE `assets` (
  `id` int NOT NULL,
  `department_id` int DEFAULT NULL,
  `ref_no` varchar(255) DEFAULT NULL,
  `name` varchar(250) DEFAULT NULL,
  `type` enum('static','digital','promospace') DEFAULT NULL,
  `location_id` int DEFAULT NULL,
  `owned_by` varchar(250) NOT NULL,
  `asset_photo` varchar(300) DEFAULT NULL,
  `description` text,
  `installation_time` varchar(200) DEFAULT NULL COMMENT 'Time needed to install in microseconds',
  `status` varchar(150) DEFAULT NULL,
  `created_at` timestamp NULL DEFAULT NULL,
  `updated_at` timestamp NULL DEFAULT NULL,
  `created_by` int DEFAULT NULL,
  `updated_by` int DEFAULT NULL
) ENGINE=InnoDB DEFAULT CHARSET=utf8mb3;

--
-- Dumping data for table `assets`
--

INSERT INTO `assets` (`id`, `department_id`, `ref_no`, `name`, `type`, `location_id`, `owned_by`, `asset_photo`, `description`, `installation_time`, `status`, `created_at`, `updated_at`, `created_by`, `updated_by`) VALUES
(2, 2, 'G11-6SP-P-FM31', '6 Sheet', 'static', 2, 'Metro Owned', '', '', '1036800', 'Active', '0000-00-00 00:00:00', '0000-00-00 00:00:00', 0, 0),
(3, 2, 'G11-6SP-P-FM32', '6 Sheet', 'static', 2, 'Metro Owned', '', '', '1036800', 'Active', '0000-00-00 00:00:00', '0000-00-00 00:00:00', 0, 0),
(4, 2, 'G11-6SP-P-FM33', '6 Sheet', 'static', 2, 'Metro Owned', '', '', '1036800', 'Active', '0000-00-00 00:00:00', '0000-00-00 00:00:00', 0, 0),
(5, 2, 'G11-6SP-P-FM34', '6 Sheet', 'static', 2, 'Metro Owned', '', '', '1036800', 'Active', '0000-00-00 00:00:00', '0000-00-00 00:00:00', 0, 0),
(6, 2, 'G11-6SP-P-FM35', '6 Sheet', 'static', 2, 'Metro Owned', '', '', '1036800', 'Active', '0000-00-00 00:00:00', '0000-00-00 00:00:00', 0, 0),
(7, 2, 'G11-6SP-P-FM36', '6 Sheet', 'static', 2, 'Metro Owned', '', '', '1036800', 'Active', '0000-00-00 00:00:00', '0000-00-00 00:00:00', 0, 0),
(8, 2, 'G11-6SP-P-FM37', '6 Sheet', 'static', 2, 'Metro Owned', '', '', '1036800', 'Active', '0000-00-00 00:00:00', '0000-00-00 00:00:00', 0, 0),
(9, 2, 'G11-6SP-P-FM38', '6 Sheet', 'static', 2, 'Metro Owned', '', '', '1036800', 'Active', '0000-00-00 00:00:00', '0000-00-00 00:00:00', 0, 0),
(10, 2, 'G11-12SP-C-FM01', '12 Sheet', 'static', 2, 'Metro Owned', '', '', '1036800', 'Active', '0000-00-00 00:00:00', '0000-00-00 00:00:00', 0, 0),
(11, 2, 'G11-12SP-C-FM03', '12 Sheet', 'static', 2, 'Metro Owned', '', '', '1036800', 'Active', '0000-00-00 00:00:00', '0000-00-00 00:00:00', 0, 0),
(12, 2, 'G11-12SP-C-FM04', '12 Sheet', 'static', 2, 'Metro Owned', '', '', '1036800', 'Active', '0000-00-00 00:00:00', '0000-00-00 00:00:00', 0, 0),
(13, 2, 'G11-12SP-P-FM05', '12 Sheet', 'static', 2, 'Metro Owned', '', '', '1036800', 'Active', '0000-00-00 00:00:00', '0000-00-00 00:00:00', 0, 0),
(14, 2, 'G11-12SP-P-FM06', '12 Sheet', 'static', 2, 'Metro Owned', '', '', '1036800', 'Active', '0000-00-00 00:00:00', '0000-00-00 00:00:00', 0, 0),
(15, 2, 'G11-12SP-P-FM10', '12 Sheet', 'static', 2, 'Metro Owned', '', '', '1036800', 'Active', '0000-00-00 00:00:00', '0000-00-00 00:00:00', 0, 0),
(16, 2, 'G11-12SP-P-FM11', '12 Sheet', 'static', 2, 'Metro Owned', '', '', '1036800', 'Active', '0000-00-00 00:00:00', '0000-00-00 00:00:00', 0, 0),
(17, 2, 'G12-6SP-EG-FM01', '6 Sheet', 'static', 3, 'Metro Owned', '', '', '1036800', 'Active', '0000-00-00 00:00:00', '0000-00-00 00:00:00', 0, 0),
(18, 2, 'G12-6SP-EG-FM02', '6 Sheet', 'static', 3, 'Metro Owned', '', '', '1036800', 'Active', '0000-00-00 00:00:00', '0000-00-00 00:00:00', 0, 0),
(19, 2, 'G12-6SP-EG-FM03', '6 Sheet', 'static', 3, 'Metro Owned', '', '', '1036800', 'Active', '0000-00-00 00:00:00', '0000-00-00 00:00:00', 0, 0),
(20, 2, 'G12-6SP-EG-FM04', '6 Sheet', 'static', 3, 'Metro Owned', '', '', '1036800', 'Active', '0000-00-00 00:00:00', '0000-00-00 00:00:00', 0, 0),
(21, 2, 'G12-6SP-P-FM05', '6 Sheet', 'static', 3, 'Metro Owned', '', '', '1036800', 'Active', '0000-00-00 00:00:00', '0000-00-00 00:00:00', 0, 0),
(22, 2, 'G12-6SP-P-FM08', '6 Sheet', 'static', 3, 'Metro Owned', '', '', '1036800', 'Active', '0000-00-00 00:00:00', '0000-00-00 00:00:00', 0, 0),
(23, 2, 'G12-6SP-P-FM09', '6 Sheet', 'static', 3, 'Metro Owned', '', '', '1036800', 'Active', '0000-00-00 00:00:00', '0000-00-00 00:00:00', 0, 0),
(24, 2, 'G12-6SP-P-FM12', '6 Sheet', 'static', 3, 'Metro Owned', '', '', '1036800', 'Active', '0000-00-00 00:00:00', '0000-00-00 00:00:00', 0, 0),
(25, 2, 'G12-12SP-C-FM01', '12 Sheet', 'static', 3, 'Metro Owned', '', '', '1036800', 'Active', '0000-00-00 00:00:00', '0000-00-00 00:00:00', 0, 0),
(26, 2, 'G12-12SP-C-FM03', '12 Sheet', 'static', 3, 'Metro Owned', '', '', '1036800', 'Active', '0000-00-00 00:00:00', '0000-00-00 00:00:00', 0, 0),
(27, 2, 'G12-12SP-P-FM05', '12 Sheet', 'static', 3, 'Metro Owned', '', '', '1036800', 'Active', '0000-00-00 00:00:00', '0000-00-00 00:00:00', 0, 0),
(28, 2, 'G12-12SP-P-FM06', '12 Sheet', 'static', 3, 'Metro Owned', '', '', '1036800', 'Active', '0000-00-00 00:00:00', '0000-00-00 00:00:00', 0, 0),
(29, 2, 'G12-12SP-P-FM07', '12 Sheet', 'static', 3, 'Metro Owned', '', '', '1036800', 'Active', '0000-00-00 00:00:00', '0000-00-00 00:00:00', 0, 0),
(30, 2, 'G12-12SP-P-FM08', '12 Sheet', 'static', 3, 'Metro Owned', '', '', '1036800', 'Active', '0000-00-00 00:00:00', '0000-00-00 00:00:00', 0, 0),
(31, 2, 'G12-LF-FB-FM01', 'Large Format', 'static', 3, 'Metro Owned', '', '', '1036800', 'Active', '0000-00-00 00:00:00', '0000-00-00 00:00:00', 0, 0),
(32, 2, 'G13-6SP-EG-FM01', '6 Sheet', 'static', 4, 'Metro Owned', '', '', '1036800', 'Active', '0000-00-00 00:00:00', '0000-00-00 00:00:00', 0, 0),
(33, 2, 'G13-6SP-EG-FM02', '6 Sheet', 'static', 4, 'Metro Owned', '', '', '1036800', 'Active', '0000-00-00 00:00:00', '0000-00-00 00:00:00', 0, 0),
(34, 2, 'G13-6SP-EG-FM05', '6 Sheet', 'static', 4, 'Metro Owned', '', '', '1036800', 'Active', '0000-00-00 00:00:00', '0000-00-00 00:00:00', 0, 0),
(35, 2, 'G13-6SP-EG-FM06', '6 Sheet', 'static', 4, 'Metro Owned', '', '', '1036800', 'Active', '0000-00-00 00:00:00', '0000-00-00 00:00:00', 0, 0),
(36, 2, 'G13-6SP-P-FM07', '6 Sheet', 'static', 4, 'Metro Owned', '', '', '1036800', 'Active', '0000-00-00 00:00:00', '0000-00-00 00:00:00', 0, 0),
(37, 2, 'G13-6SP-P-FM10', '6 Sheet', 'static', 4, 'Metro Owned', '', '', '1036800', 'Active', '0000-00-00 00:00:00', '0000-00-00 00:00:00', 0, 0),
(38, 2, 'G13-6SP-P-FM11', '6 Sheet', 'static', 4, 'Metro Owned', '', '', '1036800', 'Active', '0000-00-00 00:00:00', '0000-00-00 00:00:00', 0, 0),
(39, 2, 'G13-6SP-P-FM14', '6 Sheet', 'static', 4, 'Metro Owned', '', '', '1036800', 'Active', '0000-00-00 00:00:00', '0000-00-00 00:00:00', 0, 0),
(40, 2, 'G13-12SP-C-FM01', '12 Sheet', 'static', 4, 'Metro Owned', '', '', '1036800', 'Active', '0000-00-00 00:00:00', '0000-00-00 00:00:00', 0, 0),
(41, 2, 'G13-12SP-C-FM03', '12 Sheet', 'static', 4, 'Metro Owned', '', '', '1036800', 'Active', '0000-00-00 00:00:00', '0000-00-00 00:00:00', 0, 0),
(42, 2, 'G13-12SP-C-FM04', '12 Sheet', 'static', 4, 'Metro Owned', '', '', '1036800', 'Active', '0000-00-00 00:00:00', '0000-00-00 00:00:00', 0, 0),
(43, 2, 'G13-12SP-P-FM05', '12 Sheet', 'static', 4, 'Metro Owned', '', '', '1036800', 'Active', '0000-00-00 00:00:00', '0000-00-00 00:00:00', 0, 0),
(44, 2, 'G13-12SP-P-FM06', '12 Sheet', 'static', 4, 'Metro Owned', '', '', '1036800', 'Active', '0000-00-00 00:00:00', '0000-00-00 00:00:00', 0, 0),
(45, 2, 'G13-12SP-P-FM07', '12 Sheet', 'static', 4, 'Metro Owned', '', '', '1036800', 'Active', '0000-00-00 00:00:00', '0000-00-00 00:00:00', 0, 0),
(46, 2, 'G13-12SP-P-FM08', '12 Sheet', 'static', 4, 'Metro Owned', '', '', '1036800', 'Active', '0000-00-00 00:00:00', '0000-00-00 00:00:00', 0, 0),
(47, 2, 'G13-LF-FB-FM01', 'Large Format', 'static', 4, 'Metro Owned', '', '', '1036800', 'Active', '0000-00-00 00:00:00', '0000-00-00 00:00:00', 0, 0),
(48, 2, 'G14-6SP-EG-FM01', '6 Sheet', 'static', 5, 'Metro Owned', '', '', '1036800', 'Active', '0000-00-00 00:00:00', '0000-00-00 00:00:00', 0, 0),
(49, 2, 'G14-6SP-EG-FM02', '6 Sheet', 'static', 5, 'Metro Owned', '', '', '1036800', 'Active', '0000-00-00 00:00:00', '0000-00-00 00:00:00', 0, 0),
(50, 2, 'G14-6SP-EG-FM03', '6 Sheet', 'static', 5, 'Metro Owned', '', '', '1036800', 'Active', '0000-00-00 00:00:00', '0000-00-00 00:00:00', 0, 0),
(51, 2, 'G14-6SP-EG-FM04', '6 Sheet', 'static', 5, 'Metro Owned', '', '', '1036800', 'Active', '0000-00-00 00:00:00', '0000-00-00 00:00:00', 0, 0),
(52, 2, 'G14-6SP-P-FM05', '6 Sheet', 'static', 5, 'Metro Owned', '', '', '1036800', 'Active', '0000-00-00 00:00:00', '0000-00-00 00:00:00', 0, 0),
(53, 2, 'G14-6SP-P-FM08', '6 Sheet', 'static', 5, 'Metro Owned', '', '', '1036800', 'Active', '0000-00-00 00:00:00', '0000-00-00 00:00:00', 0, 0),
(54, 2, 'G14-6SP-P-FM09', '6 Sheet', 'static', 5, 'Metro Owned', '', '', '1036800', 'Active', '0000-00-00 00:00:00', '0000-00-00 00:00:00', 0, 0),
(55, 2, 'G14-6SP-P-FM12', '6 Sheet', 'static', 5, 'Metro Owned', '', '', '1036800', 'Active', '0000-00-00 00:00:00', '0000-00-00 00:00:00', 0, 0),
(56, 2, 'G14-12SP-C-FM01', '12 Sheet', 'static', 5, 'Metro Owned', '', '', '1036800', 'Active', '0000-00-00 00:00:00', '0000-00-00 00:00:00', 0, 0),
(57, 2, 'G14-12SP-C-FM03', '12 Sheet', 'static', 5, 'Metro Owned', '', '', '1036800', 'Active', '0000-00-00 00:00:00', '0000-00-00 00:00:00', 0, 0),
(58, 2, 'G14-12SP-C-FM04', '12 Sheet', 'static', 5, 'Metro Owned', '', '', '1036800', 'Active', '0000-00-00 00:00:00', '0000-00-00 00:00:00', 0, 0),
(59, 2, 'G14-12SP-P-FM05', '12 Sheet', 'static', 5, 'Metro Owned', '', '', '1036800', 'Active', '0000-00-00 00:00:00', '0000-00-00 00:00:00', 0, 0),
(60, 2, 'G14-12SP-P-FM06', '12 Sheet', 'static', 5, 'Metro Owned', '', '', '1036800', 'Active', '0000-00-00 00:00:00', '0000-00-00 00:00:00', 0, 0),
(61, 2, 'G14-12SP-P-FM07', '12 Sheet', 'static', 5, 'Metro Owned', '', '', '1036800', 'Active', '0000-00-00 00:00:00', '0000-00-00 00:00:00', 0, 0),
(62, 2, 'G14-12SP-P-FM08', '12 Sheet', 'static', 5, 'Metro Owned', '', '', '1036800', 'Active', '0000-00-00 00:00:00', '0000-00-00 00:00:00', 0, 0),
(63, 2, 'G14-LF-FB-FM01', 'Large Format', 'static', 5, 'Metro Owned', '', '', '1036800', 'Active', '0000-00-00 00:00:00', '0000-00-00 00:00:00', 0, 0),
(64, 2, 'G14-LF-FB-FM02', 'Large Format', 'static', 5, 'Metro Owned', '', '', '1036800', 'Active', '0000-00-00 00:00:00', '0000-00-00 00:00:00', 0, 0),
(65, 2, 'G15-6SP-EG-FM01', '6 Sheet', 'static', 6, 'Metro Owned', '', '', '1036800', 'Active', '0000-00-00 00:00:00', '0000-00-00 00:00:00', 0, 0),
(66, 2, 'G15-6SP-EG-FM02', '6 Sheet', 'static', 6, 'Metro Owned', '', '', '1036800', 'Active', '0000-00-00 00:00:00', '0000-00-00 00:00:00', 0, 0),
(67, 2, 'G15-6SP-EG-FM03', '6 Sheet', 'static', 6, 'Metro Owned', '', '', '1036800', 'Active', '0000-00-00 00:00:00', '0000-00-00 00:00:00', 0, 0),
(68, 2, 'G15-6SP-EG-FM04', '6 Sheet', 'static', 6, 'Metro Owned', '', '', '1036800', 'Active', '0000-00-00 00:00:00', '0000-00-00 00:00:00', 0, 0),
(69, 2, 'G15-6SP-P-FM07', '6 Sheet', 'static', 6, 'Metro Owned', '', '', '1036800', 'Active', '0000-00-00 00:00:00', '0000-00-00 00:00:00', 0, 0),
(70, 2, 'G15-6SP-P-FM10', '6 Sheet', 'static', 6, 'Metro Owned', '', '', '1036800', 'Active', '0000-00-00 00:00:00', '0000-00-00 00:00:00', 0, 0),
(71, 2, 'G15-6SP-P-FM11', '6 Sheet', 'static', 6, 'Metro Owned', '', '', '1036800', 'Active', '0000-00-00 00:00:00', '0000-00-00 00:00:00', 0, 0),
(72, 2, 'G15-6SP-P-FM14', '6 Sheet', 'static', 6, 'Metro Owned', '', '', '1036800', 'Active', '0000-00-00 00:00:00', '0000-00-00 00:00:00', 0, 0),
(73, 2, 'G15-12SP-C-FM01', '12 Sheet', 'static', 6, 'Metro Owned', '', '', '1036800', 'Active', '0000-00-00 00:00:00', '0000-00-00 00:00:00', 0, 0),
(74, 2, 'G15-12SP-C-FM03', '12 Sheet', 'static', 6, 'Metro Owned', '', '', '1036800', 'Active', '0000-00-00 00:00:00', '0000-00-00 00:00:00', 0, 0),
(75, 2, 'G15-12SP-P-FM05', '12 Sheet', 'static', 6, 'Metro Owned', '', '', '1036800', 'Active', '0000-00-00 00:00:00', '0000-00-00 00:00:00', 0, 0),
(76, 2, 'G15-12SP-P-FM06', '12 Sheet', 'static', 6, 'Metro Owned', '', '', '1036800', 'Active', '0000-00-00 00:00:00', '0000-00-00 00:00:00', 0, 0),
(77, 2, 'G15-12SP-P-FM07', '12 Sheet', 'static', 6, 'Metro Owned', '', '', '1036800', 'Active', '0000-00-00 00:00:00', '0000-00-00 00:00:00', 0, 0),
(78, 2, 'G15-12SP-P-FM08', '12 Sheet', 'static', 6, 'Metro Owned', '', '', '1036800', 'Active', '0000-00-00 00:00:00', '0000-00-00 00:00:00', 0, 0),
(79, 2, 'G16-6SP-EG-FM01', '6 Sheet', 'static', 7, 'Metro Owned', '', '', '1036800', 'Active', '0000-00-00 00:00:00', '0000-00-00 00:00:00', 0, 0),
(80, 2, 'G16-6SP-EG-FM02', '6 Sheet', 'static', 7, 'Metro Owned', '', '', '1036800', 'Active', '0000-00-00 00:00:00', '0000-00-00 00:00:00', 0, 0),
(81, 2, 'G16-6SP-P-FM05', '6 Sheet', 'static', 7, 'Metro Owned', '', '', '1036800', 'Active', '0000-00-00 00:00:00', '0000-00-00 00:00:00', 0, 0),
(82, 2, 'G16-6SP-P-FM08', '6 Sheet', 'static', 7, 'Metro Owned', '', '', '1036800', 'Active', '0000-00-00 00:00:00', '0000-00-00 00:00:00', 0, 0),
(83, 2, 'G16-6SP-P-FM09', '6 Sheet', 'static', 7, 'Metro Owned', '', '', '1036800', 'Active', '0000-00-00 00:00:00', '0000-00-00 00:00:00', 0, 0),
(84, 2, 'G16-6SP-P-FM12', '6 Sheet', 'static', 7, 'Metro Owned', '', '', '1036800', 'Active', '0000-00-00 00:00:00', '0000-00-00 00:00:00', 0, 0),
(85, 2, 'G16-12SP-C-FM02', '12 Sheet', 'static', 7, 'Metro Owned', '', '', '1036800', 'Active', '0000-00-00 00:00:00', '0000-00-00 00:00:00', 0, 0),
(86, 2, 'G16-12SP-C-FM03', '12 Sheet', 'static', 7, 'Metro Owned', '', '', '1036800', 'Active', '0000-00-00 00:00:00', '0000-00-00 00:00:00', 0, 0),
(87, 2, 'G16-12SP-C-FM04', '12 Sheet', 'static', 7, 'Metro Owned', '', '', '1036800', 'Active', '0000-00-00 00:00:00', '0000-00-00 00:00:00', 0, 0),
(88, 2, 'G16-12SP-P-FM05', '12 Sheet', 'static', 7, 'Metro Owned', '', '', '1036800', 'Active', '0000-00-00 00:00:00', '0000-00-00 00:00:00', 0, 0),
(89, 2, 'G16-12SP-P-FM06', '12 Sheet', 'static', 7, 'Metro Owned', '', '', '1036800', 'Active', '0000-00-00 00:00:00', '0000-00-00 00:00:00', 0, 0),
(90, 2, 'G16-12SP-P-FM07', '12 Sheet', 'static', 7, 'Metro Owned', '', '', '1036800', 'Active', '0000-00-00 00:00:00', '0000-00-00 00:00:00', 0, 0),
(91, 2, 'G16-12SP-P-FM08', '12 Sheet', 'static', 7, 'Metro Owned', '', '', '1036800', 'Active', '0000-00-00 00:00:00', '0000-00-00 00:00:00', 0, 0),
(92, 2, 'G17-6SP-EG-FM01', '6 Sheet', 'static', 8, 'Metro Owned', '', '', '1036800', 'Active', '0000-00-00 00:00:00', '0000-00-00 00:00:00', 0, 0),
(93, 2, 'G17-6SP-EG-FM04', '6 Sheet', 'static', 8, 'Metro Owned', '', '', '1036800', 'Active', '0000-00-00 00:00:00', '0000-00-00 00:00:00', 0, 0),
(94, 2, 'G17-6SP-EG-FM07', '6 Sheet', 'static', 8, 'Metro Owned', '', '', '1036800', 'Active', '0000-00-00 00:00:00', '0000-00-00 00:00:00', 0, 0),
(95, 2, 'G17-6SP-EG-FM08', '6 Sheet', 'static', 8, 'Metro Owned', '', '', '1036800', 'Active', '0000-00-00 00:00:00', '0000-00-00 00:00:00', 0, 0),
(96, 2, 'G17-6SP-FB-FM06', '6 Sheet', 'static', 8, 'Metro Owned', '', '', '1036800', 'Active', '0000-00-00 00:00:00', '0000-00-00 00:00:00', 0, 0),
(97, 2, 'G17-6SP-P-FM10', '6 Sheet', 'static', 8, 'Metro Owned', '', '', '1036800', 'Active', '0000-00-00 00:00:00', '0000-00-00 00:00:00', 0, 0),
(98, 2, 'G17-6SP-P-FM13', '6 Sheet', 'static', 8, 'Metro Owned', '', '', '1036800', 'Active', '0000-00-00 00:00:00', '0000-00-00 00:00:00', 0, 0),
(99, 2, 'G17-6SP-P-FM14', '6 Sheet', 'static', 8, 'Metro Owned', '', '', '1036800', 'Active', '0000-00-00 00:00:00', '0000-00-00 00:00:00', 0, 0),
(100, 2, 'G17-6SP-P-FM17', '6 Sheet', 'static', 8, 'Metro Owned', '', '', '1036800', 'Active', '0000-00-00 00:00:00', '0000-00-00 00:00:00', 0, 0),
(101, 2, 'G17-12SP-C-FM01', '12 Sheet', 'static', 8, 'Metro Owned', '', '', '1036800', 'Active', '0000-00-00 00:00:00', '0000-00-00 00:00:00', 0, 0),
(102, 2, 'G17-12SP-C-FM03', '12 Sheet', 'static', 8, 'Metro Owned', '', '', '1036800', 'Active', '0000-00-00 00:00:00', '0000-00-00 00:00:00', 0, 0),
(103, 2, 'G17-12SP-C-FM04', '12 Sheet', 'static', 8, 'Metro Owned', '', '', '1036800', 'Active', '0000-00-00 00:00:00', '0000-00-00 00:00:00', 0, 0),
(104, 2, 'G17-12SP-P-FM05', '12 Sheet', 'static', 8, 'Metro Owned', '', '', '1036800', 'Active', '0000-00-00 00:00:00', '0000-00-00 00:00:00', 0, 0),
(105, 2, 'G17-12SP-P-FM06', '12 Sheet', 'static', 8, 'Metro Owned', '', '', '1036800', 'Active', '0000-00-00 00:00:00', '0000-00-00 00:00:00', 0, 0),
(106, 2, 'G17-12SP-P-FM07', '12 Sheet', 'static', 8, 'Metro Owned', '', '', '1036800', 'Active', '0000-00-00 00:00:00', '0000-00-00 00:00:00', 0, 0),
(107, 2, 'G17-12SP-P-FM08', '12 Sheet', 'static', 8, 'Metro Owned', '', '', '1036800', 'Active', '0000-00-00 00:00:00', '0000-00-00 00:00:00', 0, 0),
(108, 2, 'G18-6SCR-EG-FM01', '6 Sheet', 'static', 9, 'Metro Owned', '', '', '1036800', 'Active', '0000-00-00 00:00:00', '0000-00-00 00:00:00', 0, 0),
(109, 2, 'G18-6SCR-EG-FM03', '6 Sheet', 'static', 9, 'Metro Owned', '', '', '1036800', 'Active', '0000-00-00 00:00:00', '0000-00-00 00:00:00', 0, 0),
(110, 2, 'G18-6SP-EG-FM01', '6 Sheet', 'static', 9, 'Metro Owned', '', '', '1036800', 'Active', '0000-00-00 00:00:00', '0000-00-00 00:00:00', 0, 0),
(111, 2, 'G18-6SP-EG-FM05', '6 Sheet', 'static', 9, 'Metro Owned', '', '', '1036800', 'Active', '0000-00-00 00:00:00', '0000-00-00 00:00:00', 0, 0),
(112, 2, 'G18-6SP-FB-FM03', '6 Sheet', 'static', 9, 'Metro Owned', '', '', '1036800', 'Active', '0000-00-00 00:00:00', '0000-00-00 00:00:00', 0, 0),
(113, 2, 'G18-6SP-FB-FM04', '6 Sheet', 'static', 9, 'Metro Owned', '', '', '1036800', 'Active', '0000-00-00 00:00:00', '0000-00-00 00:00:00', 0, 0),
(114, 2, 'G18-6SP-P-FM07', '6 Sheet', 'static', 9, 'Metro Owned', '', '', '1036800', 'Active', '0000-00-00 00:00:00', '0000-00-00 00:00:00', 0, 0),
(115, 2, 'G18-6SP-P-FM10', '6 Sheet', 'static', 9, 'Metro Owned', '', '', '1036800', 'Active', '0000-00-00 00:00:00', '0000-00-00 00:00:00', 0, 0),
(116, 2, 'G18-6SP-P-FM11', '6 Sheet', 'static', 9, 'Metro Owned', '', '', '1036800', 'Active', '0000-00-00 00:00:00', '0000-00-00 00:00:00', 0, 0),
(117, 2, 'G18-6SP-P-FM14', '6 Sheet', 'static', 9, 'Metro Owned', '', '', '1036800', 'Active', '0000-00-00 00:00:00', '0000-00-00 00:00:00', 0, 0),
(118, 2, 'G18-12SP-C-FM04', '12 Sheet', 'static', 9, 'Metro Owned', '', '', '1036800', 'Active', '0000-00-00 00:00:00', '0000-00-00 00:00:00', 0, 0),
(119, 2, 'G18-12SP-P-FM05', '12 Sheet', 'static', 9, 'Metro Owned', '', '', '1036800', 'Active', '0000-00-00 00:00:00', '0000-00-00 00:00:00', 0, 0),
(120, 2, 'G18-12SP-P-FM06', '12 Sheet', 'static', 9, 'Metro Owned', '', '', '1036800', 'Active', '0000-00-00 00:00:00', '0000-00-00 00:00:00', 0, 0),
(121, 2, 'G18-12SP-P-FM07', '12 Sheet', 'static', 9, 'Metro Owned', '', '', '1036800', 'Active', '0000-00-00 00:00:00', '0000-00-00 00:00:00', 0, 0),
(122, 2, 'G18-12SP-P-FM08', '12 Sheet', 'static', 9, 'Metro Owned', '', '', '1036800', 'Active', '0000-00-00 00:00:00', '0000-00-00 00:00:00', 0, 0),
(123, 2, 'G19-6SP-EG-FM02', '6 Sheet', 'static', 9, 'Metro Owned', '', '', '1036800', 'Active', '0000-00-00 00:00:00', '0000-00-00 00:00:00', 0, 0),
(124, 2, 'G19-6SP-EG-FM04', '6 Sheet', 'static', 9, 'Metro Owned', '', '', '1036800', 'Active', '0000-00-00 00:00:00', '0000-00-00 00:00:00', 0, 0),
(125, 2, 'G19-6SP-EG-FM05', '6 Sheet', 'static', 9, 'Metro Owned', '', '', '1036800', 'Active', '0000-00-00 00:00:00', '0000-00-00 00:00:00', 0, 0),
(126, 2, 'G19-6SP-EG-FM06', '6 Sheet', 'static', 9, 'Metro Owned', '', '', '1036800', 'Active', '0000-00-00 00:00:00', '0000-00-00 00:00:00', 0, 0),
(127, 2, 'G19-6SP-EG-FM07', '6 Sheet', 'static', 9, 'Metro Owned', '', '', '1036800', 'Active', '0000-00-00 00:00:00', '0000-00-00 00:00:00', 0, 0),
(128, 2, 'G19-6SP-P-FM09', '6 Sheet', 'static', 9, 'Metro Owned', '', '', '1036800', 'Active', '0000-00-00 00:00:00', '0000-00-00 00:00:00', 0, 0),
(129, 2, 'G19-6SP-P-FM10', '6 Sheet', 'static', 9, 'Metro Owned', '', '', '1036800', 'Active', '0000-00-00 00:00:00', '0000-00-00 00:00:00', 0, 0),
(130, 2, 'G19-6SP-P-FM11', '6 Sheet', 'static', 9, 'Metro Owned', '', '', '1036800', 'Active', '0000-00-00 00:00:00', '0000-00-00 00:00:00', 0, 0),
(131, 2, 'G19-6SP-P-FM12', '6 Sheet', 'static', 9, 'Metro Owned', '', '', '1036800', 'Active', '0000-00-00 00:00:00', '0000-00-00 00:00:00', 0, 0),
(132, 2, 'G19-12SP-C-FM02', '12 Sheet', 'static', 9, 'Metro Owned', '', '', '1036800', 'Active', '0000-00-00 00:00:00', '0000-00-00 00:00:00', 0, 0),
(133, 2, 'G19-12SP-C-FM04', '12 Sheet', 'static', 9, 'Metro Owned', '', '', '1036800', 'Active', '0000-00-00 00:00:00', '0000-00-00 00:00:00', 0, 0),
(134, 2, 'G19-12SP-P-FM05', '12 Sheet', 'static', 9, 'Metro Owned', '', '', '1036800', 'Active', '0000-00-00 00:00:00', '0000-00-00 00:00:00', 0, 0),
(135, 2, 'G19-12SP-P-FM06', '12 Sheet', 'static', 9, 'Metro Owned', '', '', '1036800', 'Active', '0000-00-00 00:00:00', '0000-00-00 00:00:00', 0, 0),
(136, 2, 'G19-12SP-P-FM07', '12 Sheet', 'static', 9, 'Metro Owned', '', '', '1036800', 'Active', '0000-00-00 00:00:00', '0000-00-00 00:00:00', 0, 0),
(137, 2, 'G19-12SP-P-FM08', '12 Sheet', 'static', 9, 'Metro Owned', '', '', '1036800', 'Active', '0000-00-00 00:00:00', '0000-00-00 00:00:00', 0, 0),
(138, 2, 'G21-6SP-C-FM02', '6 Sheet', 'static', 10, 'Metro Owned', '', '', '1036800', 'Active', '0000-00-00 00:00:00', '0000-00-00 00:00:00', 0, 0),
(139, 2, 'G21-6SP-C-FM03', '6 Sheet', 'static', 10, 'Metro Owned', '', '', '1036800', 'Active', '0000-00-00 00:00:00', '0000-00-00 00:00:00', 0, 0),
(140, 2, 'G21-6SP-C-FM04', '6 Sheet', 'static', 10, 'Metro Owned', '', '', '1036800', 'Active', '0000-00-00 00:00:00', '0000-00-00 00:00:00', 0, 0),
(141, 2, 'G21-6SP-C-FM05', '6 Sheet', 'static', 10, 'Metro Owned', '', '', '1036800', 'Active', '0000-00-00 00:00:00', '0000-00-00 00:00:00', 0, 0),
(142, 2, 'G21-6SP-C-FM06', '6 Sheet', 'static', 10, 'Metro Owned', '', '', '1036800', 'Active', '0000-00-00 00:00:00', '0000-00-00 00:00:00', 0, 0),
(143, 2, 'G21-6SP-EG-FM01', '6 Sheet', 'static', 10, 'Metro Owned', '', '', '1036800', 'Active', '0000-00-00 00:00:00', '0000-00-00 00:00:00', 0, 0),
(144, 2, 'G21-6SP-P-FM07', '6 Sheet', 'static', 10, 'Metro Owned', '', '', '1036800', 'Active', '0000-00-00 00:00:00', '0000-00-00 00:00:00', 0, 0),
(145, 2, 'G21-6SP-P-FM08', '6 Sheet', 'static', 10, 'Metro Owned', '', '', '1036800', 'Active', '0000-00-00 00:00:00', '0000-00-00 00:00:00', 0, 0),
(146, 2, 'G21-6SP-P-FM09', '6 Sheet', 'static', 10, 'Metro Owned', '', '', '1036800', 'Active', '0000-00-00 00:00:00', '0000-00-00 00:00:00', 0, 0),
(147, 2, 'G21-6SP-P-FM10', '6 Sheet', 'static', 10, 'Metro Owned', '', '', '1036800', 'Active', '0000-00-00 00:00:00', '0000-00-00 00:00:00', 0, 0),
(148, 2, 'G21-6SP-P-FM11', '6 Sheet', 'static', 10, 'Metro Owned', '', '', '1036800', 'Active', '0000-00-00 00:00:00', '0000-00-00 00:00:00', 0, 0),
(149, 2, 'G21-12SP-C-FM03', '12 Sheet', 'static', 10, 'Metro Owned', '', '', '1036800', 'Active', '0000-00-00 00:00:00', '0000-00-00 00:00:00', 0, 0),
(150, 2, 'G21-12SP-C-FM04', '12 Sheet', 'static', 10, 'Metro Owned', '', '', '1036800', 'Active', '0000-00-00 00:00:00', '0000-00-00 00:00:00', 0, 0),
(151, 2, 'G21-12SP-P-FM05', '12 Sheet', 'static', 10, 'Metro Owned', '', '', '1036800', 'Active', '0000-00-00 00:00:00', '0000-00-00 00:00:00', 0, 0),
(152, 2, 'G21-12SP-P-FM06', '12 Sheet', 'static', 10, 'Metro Owned', '', '', '1036800', 'Active', '0000-00-00 00:00:00', '0000-00-00 00:00:00', 0, 0),
(153, 2, 'G22-6SCR-C-FM01', '6 Sheet', 'static', 11, 'Metro Owned', '', '', '1036800', 'Active', '0000-00-00 00:00:00', '0000-00-00 00:00:00', 0, 0),
(154, 2, 'G22-6SCR-C-FM02', '6 Sheet', 'static', 11, 'Metro Owned', '', '', '1036800', 'Active', '0000-00-00 00:00:00', '0000-00-00 00:00:00', 0, 0),
(155, 2, 'G22-6SCR-C-FM03', '6 Sheet', 'static', 11, 'Metro Owned', '', '', '1036800', 'Active', '0000-00-00 00:00:00', '0000-00-00 00:00:00', 0, 0),
(156, 2, 'G22-6SCR-P-FM04', '6 Sheet', 'static', 11, 'Metro Owned', '', '', '1036800', 'Active', '0000-00-00 00:00:00', '0000-00-00 00:00:00', 0, 0),
(157, 2, 'G22-6SCR-P-FM05', '6 Sheet', 'static', 11, 'Metro Owned', '', '', '1036800', 'Active', '0000-00-00 00:00:00', '0000-00-00 00:00:00', 0, 0),
(158, 2, 'G22-6SCR-P-FM06', '6 Sheet', 'static', 11, 'Metro Owned', '', '', '1036800', 'Active', '0000-00-00 00:00:00', '0000-00-00 00:00:00', 0, 0),
(159, 2, 'G22-6SCR-P-FM07', '6 Sheet', 'static', 11, 'Metro Owned', '', '', '1036800', 'Active', '0000-00-00 00:00:00', '0000-00-00 00:00:00', 0, 0),
(160, 2, 'G22-6SP-EG-FM03', '6 Sheet', 'static', 11, 'Metro Owned', '', '', '1036800', 'Active', '0000-00-00 00:00:00', '0000-00-00 00:00:00', 0, 0),
(161, 2, 'G22-6SP-EG-FM04', '6 Sheet', 'static', 11, 'Metro Owned', '', '', '1036800', 'Active', '0000-00-00 00:00:00', '0000-00-00 00:00:00', 0, 0),
(162, 2, 'G22-12SP-P-FM06', '12 Sheet', 'static', 11, 'Metro Owned', '', '', '1036800', 'Active', '0000-00-00 00:00:00', '0000-00-00 00:00:00', 0, 0),
(163, 2, 'G22-12SP-P-FM07', '12 Sheet', 'static', 11, 'Metro Owned', '', '', '1036800', 'Active', '0000-00-00 00:00:00', '0000-00-00 00:00:00', 0, 0),
(164, 2, 'G23-6SP-C-FM06', '6 Sheet', 'static', 12, 'Metro Owned', '', '', '1036800', 'Active', '0000-00-00 00:00:00', '0000-00-00 00:00:00', 0, 0),
(165, 2, 'G23-6SP-C-FM07', '6 Sheet', 'static', 12, 'Metro Owned', '', '', '1036800', 'Active', '0000-00-00 00:00:00', '0000-00-00 00:00:00', 0, 0),
(166, 2, 'G23-6SP-C-FM08', '6 Sheet', 'static', 12, 'Metro Owned', '', '', '1036800', 'Active', '0000-00-00 00:00:00', '0000-00-00 00:00:00', 0, 0),
(167, 2, 'G23-6SP-EG-FM01', '6 Sheet', 'static', 12, 'Metro Owned', '', '', '1036800', 'Active', '0000-00-00 00:00:00', '0000-00-00 00:00:00', 0, 0),
(168, 2, 'G23-6SP-EG-FM02', '6 Sheet', 'static', 12, 'Metro Owned', '', '', '1036800', 'Active', '0000-00-00 00:00:00', '0000-00-00 00:00:00', 0, 0),
(169, 2, 'G23-6SP-EG-FM03', '6 Sheet', 'static', 12, 'Metro Owned', '', '', '1036800', 'Active', '0000-00-00 00:00:00', '0000-00-00 00:00:00', 0, 0),
(170, 2, 'G23-6SP-EG-FM05', '6 Sheet', 'static', 12, 'Metro Owned', '', '', '1036800', 'Active', '0000-00-00 00:00:00', '0000-00-00 00:00:00', 0, 0),
(171, 2, 'G23-6SP-P-FM09', '6 Sheet', 'static', 12, 'Metro Owned', '', '', '1036800', 'Active', '0000-00-00 00:00:00', '0000-00-00 00:00:00', 0, 0),
(172, 2, 'G23-6SP-P-FM10', '6 Sheet', 'static', 12, 'Metro Owned', '', '', '1036800', 'Active', '0000-00-00 00:00:00', '0000-00-00 00:00:00', 0, 0),
(173, 2, 'G23-6SP-P-FM11', '6 Sheet', 'static', 12, 'Metro Owned', '', '', '1036800', 'Active', '0000-00-00 00:00:00', '0000-00-00 00:00:00', 0, 0),
(174, 2, 'G23-6SP-P-FM12', '6 Sheet', 'static', 12, 'Metro Owned', '', '', '1036800', 'Active', '0000-00-00 00:00:00', '0000-00-00 00:00:00', 0, 0),
(175, 2, 'G23-6SP-P-FM13', '6 Sheet', 'static', 12, 'Metro Owned', '', '', '1036800', 'Active', '0000-00-00 00:00:00', '0000-00-00 00:00:00', 0, 0),
(176, 2, 'G23-6SP-P-FM14', '6 Sheet', 'static', 12, 'Metro Owned', '', '', '1036800', 'Active', '0000-00-00 00:00:00', '0000-00-00 00:00:00', 0, 0),
(177, 2, 'G24-6SP-C-FM05', '6 Sheet', 'static', 13, 'Metro Owned', '', '', '1036800', 'Active', '0000-00-00 00:00:00', '0000-00-00 00:00:00', 0, 0),
(178, 2, 'G24-6SP-C-FM06', '6 Sheet', 'static', 13, 'Metro Owned', '', '', '1036800', 'Active', '0000-00-00 00:00:00', '0000-00-00 00:00:00', 0, 0),
(179, 2, 'G24-6SP-C-FM07', '6 Sheet', 'static', 13, 'Metro Owned', '', '', '1036800', 'Active', '0000-00-00 00:00:00', '0000-00-00 00:00:00', 0, 0),
(180, 2, 'G24-6SP-C-FM08', '6 Sheet', 'static', 13, 'Metro Owned', '', '', '1036800', 'Active', '0000-00-00 00:00:00', '0000-00-00 00:00:00', 0, 0),
(181, 2, 'G24-6SP-EG-FM01', '6 Sheet', 'static', 13, 'Metro Owned', '', '', '1036800', 'Active', '0000-00-00 00:00:00', '0000-00-00 00:00:00', 0, 0),
(182, 2, 'G24-6SP-EG-FM02', '6 Sheet', 'static', 13, 'Metro Owned', '', '', '1036800', 'Active', '0000-00-00 00:00:00', '0000-00-00 00:00:00', 0, 0),
(183, 2, 'G24-6SP-EG-FM03', '6 Sheet', 'static', 13, 'Metro Owned', '', '', '1036800', 'Active', '0000-00-00 00:00:00', '0000-00-00 00:00:00', 0, 0),
(184, 2, 'G24-6SP-EG-FM04', '6 Sheet', 'static', 13, 'Metro Owned', '', '', '1036800', 'Active', '0000-00-00 00:00:00', '0000-00-00 00:00:00', 0, 0),
(185, 2, 'G24-6SP-P-FM09', '6 Sheet', 'static', 13, 'Metro Owned', '', '', '1036800', 'Active', '0000-00-00 00:00:00', '0000-00-00 00:00:00', 0, 0),
(186, 2, 'G24-6SP-P-FM10', '6 Sheet', 'static', 13, 'Metro Owned', '', '', '1036800', 'Active', '0000-00-00 00:00:00', '0000-00-00 00:00:00', 0, 0),
(187, 2, 'G24-6SP-P-FM11', '6 Sheet', 'static', 13, 'Metro Owned', '', '', '1036800', 'Active', '0000-00-00 00:00:00', '0000-00-00 00:00:00', 0, 0),
(188, 2, 'G24-6SP-P-FM12', '6 Sheet', 'static', 13, 'Metro Owned', '', '', '1036800', 'Active', '0000-00-00 00:00:00', '0000-00-00 00:00:00', 0, 0),
(189, 2, 'G24-6SP-P-FM13', '6 Sheet', 'static', 13, 'Metro Owned', '', '', '1036800', 'Active', '0000-00-00 00:00:00', '0000-00-00 00:00:00', 0, 0),
(190, 2, 'G24-6SP-P-FM14', '6 Sheet', 'static', 13, 'Metro Owned', '', '', '1036800', 'Active', '0000-00-00 00:00:00', '0000-00-00 00:00:00', 0, 0),
(191, 2, 'G25-6SP-C-FM05', '6 Sheet', 'static', 14, 'Metro Owned', '', '', '1036800', 'Active', '0000-00-00 00:00:00', '0000-00-00 00:00:00', 0, 0),
(192, 2, 'G25-6SP-C-FM06', '6 Sheet', 'static', 14, 'Metro Owned', '', '', '1036800', 'Active', '0000-00-00 00:00:00', '0000-00-00 00:00:00', 0, 0),
(193, 2, 'G25-6SP-C-FM08', '6 Sheet', 'static', 14, 'Metro Owned', '', '', '1036800', 'Active', '0000-00-00 00:00:00', '0000-00-00 00:00:00', 0, 0),
(194, 2, 'G25-6SP-C-FM09', '6 Sheet', 'static', 14, 'Metro Owned', '', '', '1036800', 'Active', '0000-00-00 00:00:00', '0000-00-00 00:00:00', 0, 0),
(195, 2, 'G25-6SP-EG-FM01', '6 Sheet', 'static', 14, 'Metro Owned', '', '', '1036800', 'Active', '0000-00-00 00:00:00', '0000-00-00 00:00:00', 0, 0),
(196, 2, 'G25-6SP-EG-FM02', '6 Sheet', 'static', 14, 'Metro Owned', '', '', '1036800', 'Active', '0000-00-00 00:00:00', '0000-00-00 00:00:00', 0, 0),
(197, 2, 'G25-6SP-EG-FM03', '6 Sheet', 'static', 14, 'Metro Owned', '', '', '1036800', 'Active', '0000-00-00 00:00:00', '0000-00-00 00:00:00', 0, 0),
(198, 2, 'G25-6SP-P-FM10', '6 Sheet', 'static', 14, 'Metro Owned', '', '', '1036800', 'Active', '0000-00-00 00:00:00', '0000-00-00 00:00:00', 0, 0),
(199, 2, 'G25-6SP-P-FM11', '6 Sheet', 'static', 14, 'Metro Owned', '', '', '1036800', 'Active', '0000-00-00 00:00:00', '0000-00-00 00:00:00', 0, 0),
(200, 2, 'G25-6SP-P-FM12', '6 Sheet', 'static', 14, 'Metro Owned', '', '', '1036800', 'Active', '0000-00-00 00:00:00', '0000-00-00 00:00:00', 0, 0),
(201, 2, 'G25-6SP-P-FM13', '6 Sheet', 'static', 14, 'Metro Owned', '', '', '1036800', 'Active', '0000-00-00 00:00:00', '0000-00-00 00:00:00', 0, 0),
(202, 2, 'G25-6SP-P-FM14', '6 Sheet', 'static', 14, 'Metro Owned', '', '', '1036800', 'Active', '0000-00-00 00:00:00', '0000-00-00 00:00:00', 0, 0),
(203, 2, 'G25-6SP-P-FM15', '6 Sheet', 'static', 14, 'Metro Owned', '', '', '1036800', 'Active', '0000-00-00 00:00:00', '0000-00-00 00:00:00', 0, 0),
(204, 2, 'G25-6SP-P-FM16', '6 Sheet', 'static', 14, 'Metro Owned', '', '', '1036800', 'Active', '0000-00-00 00:00:00', '0000-00-00 00:00:00', 0, 0),
(205, 2, 'G25-6SP-P-FM17', '6 Sheet', 'static', 14, 'Metro Owned', '', '', '1036800', 'Active', '0000-00-00 00:00:00', '0000-00-00 00:00:00', 0, 0),
(206, 2, 'G25-6SP-P-FM18', '6 Sheet', 'static', 14, 'Metro Owned', '', '', '1036800', 'Active', '0000-00-00 00:00:00', '0000-00-00 00:00:00', 0, 0),
(207, 2, 'G25-6SP-P-FM19', '6 Sheet', 'static', 14, 'Metro Owned', '', '', '1036800', 'Active', '0000-00-00 00:00:00', '0000-00-00 00:00:00', 0, 0),
(208, 2, 'G25-6SP-P-FM20', '6 Sheet', 'static', 14, 'Metro Owned', '', '', '1036800', 'Active', '0000-00-00 00:00:00', '0000-00-00 00:00:00', 0, 0),
(209, 2, 'G25-6SP-P-FM21', '6 Sheet', 'static', 14, 'Metro Owned', '', '', '1036800', 'Active', '0000-00-00 00:00:00', '0000-00-00 00:00:00', 0, 0),
(210, 2, 'G25-12SP-C-FM02', '12 Sheet', 'static', 14, 'Metro Owned', '', '', '1036800', 'Active', '0000-00-00 00:00:00', '0000-00-00 00:00:00', 0, 0),
(211, 2, 'G25-12SP-C-FM04', '12 Sheet', 'static', 14, 'Metro Owned', '', '', '1036800', 'Active', '0000-00-00 00:00:00', '0000-00-00 00:00:00', 0, 0),
(212, 2, 'G27-6SCR-EG-FM01', '6 Sheet', 'static', 15, 'Metro Owned', '', '', '1036800', 'Active', '0000-00-00 00:00:00', '0000-00-00 00:00:00', 0, 0),
(213, 2, 'G27-6SP-EG-FM02', '6 Sheet', 'static', 15, 'Metro Owned', '', '', '1036800', 'Active', '0000-00-00 00:00:00', '0000-00-00 00:00:00', 0, 0),
(214, 2, 'G27-6SP-P-FM05', '6 Sheet', 'static', 15, 'Metro Owned', '', '', '1036800', 'Active', '0000-00-00 00:00:00', '0000-00-00 00:00:00', 0, 0),
(215, 2, 'G27-6SP-P-FM08', '6 Sheet', 'static', 15, 'Metro Owned', '', '', '1036800', 'Active', '0000-00-00 00:00:00', '0000-00-00 00:00:00', 0, 0),
(216, 2, 'G27-6SP-P-FM09', '6 Sheet', 'static', 15, 'Metro Owned', '', '', '1036800', 'Active', '0000-00-00 00:00:00', '0000-00-00 00:00:00', 0, 0),
(217, 2, 'G27-6SP-P-FM12', '6 Sheet', 'static', 15, 'Metro Owned', '', '', '1036800', 'Active', '0000-00-00 00:00:00', '0000-00-00 00:00:00', 0, 0),
(218, 2, 'G27-12SP-C-FM04', '12 Sheet', 'static', 15, 'Metro Owned', '', '', '1036800', 'Active', '0000-00-00 00:00:00', '0000-00-00 00:00:00', 0, 0),
(219, 2, 'G27-12SP-P-FM05', '12 Sheet', 'static', 15, 'Metro Owned', '', '', '1036800', 'Active', '0000-00-00 00:00:00', '0000-00-00 00:00:00', 0, 0),
(220, 2, 'G27-12SP-P-FM06', '12 Sheet', 'static', 15, 'Metro Owned', '', '', '1036800', 'Active', '0000-00-00 00:00:00', '0000-00-00 00:00:00', 0, 0),
(221, 2, 'G27-12SP-P-FM07', '12 Sheet', 'static', 15, 'Metro Owned', '', '', '1036800', 'Active', '0000-00-00 00:00:00', '0000-00-00 00:00:00', 0, 0),
(222, 2, 'G27-12SP-P-FM08', '12 Sheet', 'static', 15, 'Metro Owned', '', '', '1036800', 'Active', '0000-00-00 00:00:00', '0000-00-00 00:00:00', 0, 0),
(223, 2, 'G28-6SP-EG-FM02', '6 Sheet', 'static', 16, 'Metro Owned', '', '', '1036800', 'Active', '0000-00-00 00:00:00', '0000-00-00 00:00:00', 0, 0),
(224, 2, 'G28-6SP-EG-FM03', '6 Sheet', 'static', 16, 'Metro Owned', '', '', '1036800', 'Active', '0000-00-00 00:00:00', '0000-00-00 00:00:00', 0, 0),
(225, 2, 'G28-6SP-EG-FM06', '6 Sheet', 'static', 16, 'Metro Owned', '', '', '1036800', 'Active', '0000-00-00 00:00:00', '0000-00-00 00:00:00', 0, 0),
(226, 2, 'G28-6SP-FB-FM04', '6 Sheet', 'static', 16, 'Metro Owned', '', '', '1036800', 'Active', '0000-00-00 00:00:00', '0000-00-00 00:00:00', 0, 0),
(227, 2, 'G28-6SP-FB-FM07', '6 Sheet', 'static', 16, 'Metro Owned', '', '', '1036800', 'Active', '0000-00-00 00:00:00', '0000-00-00 00:00:00', 0, 0),
(228, 2, 'G28-6SP-P-FM08', '6 Sheet', 'static', 16, 'Metro Owned', '', '', '1036800', 'Active', '0000-00-00 00:00:00', '0000-00-00 00:00:00', 0, 0),
(229, 2, 'G28-6SP-P-FM11', '6 Sheet', 'static', 16, 'Metro Owned', '', '', '1036800', 'Active', '0000-00-00 00:00:00', '0000-00-00 00:00:00', 0, 0),
(230, 2, 'G28-6SP-P-FM12', '6 Sheet', 'static', 16, 'Metro Owned', '', '', '1036800', 'Active', '0000-00-00 00:00:00', '0000-00-00 00:00:00', 0, 0),
(231, 2, 'G28-6SP-P-FM15', '6 Sheet', 'static', 16, 'Metro Owned', '', '', '1036800', 'Active', '0000-00-00 00:00:00', '0000-00-00 00:00:00', 0, 0),
(232, 2, 'G28-12SP-C-FM02', '12 Sheet', 'static', 16, 'Metro Owned', '', '', '1036800', 'Active', '0000-00-00 00:00:00', '0000-00-00 00:00:00', 0, 0),
(233, 2, 'G28-12SP-C-FM04', '12 Sheet', 'static', 16, 'Metro Owned', '', '', '1036800', 'Active', '0000-00-00 00:00:00', '0000-00-00 00:00:00', 0, 0),
(234, 2, 'G28-12SP-P-FM06', '12 Sheet', 'static', 16, 'Metro Owned', '', '', '1036800', 'Active', '0000-00-00 00:00:00', '0000-00-00 00:00:00', 0, 0),
(235, 2, 'G28-12SP-P-FM07', '12 Sheet', 'static', 16, 'Metro Owned', '', '', '1036800', 'Active', '0000-00-00 00:00:00', '0000-00-00 00:00:00', 0, 0),
(236, 2, 'G28-12SP-P-FM08', '12 Sheet', 'static', 16, 'Metro Owned', '', '', '1036800', 'Active', '0000-00-00 00:00:00', '0000-00-00 00:00:00', 0, 0),
(237, 2, 'G28-12SP-P-FM09', '12 Sheet', 'static', 16, 'Metro Owned', '', '', '1036800', 'Active', '0000-00-00 00:00:00', '0000-00-00 00:00:00', 0, 0),
(238, 2, 'G29-6SP-P-FM06', '6 Sheet', 'static', 17, 'Metro Owned', '', '', '1036800', 'Active', '0000-00-00 00:00:00', '0000-00-00 00:00:00', 0, 0),
(239, 2, 'G29-6SP-P-FM11', '6 Sheet', 'static', 17, 'Metro Owned', '', '', '1036800', 'Active', '0000-00-00 00:00:00', '0000-00-00 00:00:00', 0, 0),
(240, 2, 'G29-12SP-C-FM04', '12 Sheet', 'static', 17, 'Metro Owned', '', '', '1036800', 'Active', '0000-00-00 00:00:00', '0000-00-00 00:00:00', 0, 0),
(241, 2, 'G29-12SP-C-FM06', '12 Sheet', 'static', 17, 'Metro Owned', '', '', '1036800', 'Active', '0000-00-00 00:00:00', '0000-00-00 00:00:00', 0, 0),
(242, 2, 'G29-12SP-C-FM07', '12 Sheet', 'static', 17, 'Metro Owned', '', '', '1036800', 'Active', '0000-00-00 00:00:00', '0000-00-00 00:00:00', 0, 0),
(243, 2, 'G30-6SP-P-FM06', '6 Sheet', 'static', 18, 'Metro Owned', '', '', '1036800', 'Active', '0000-00-00 00:00:00', '0000-00-00 00:00:00', 0, 0),
(244, 2, 'G30-6SP-P-FM11', '6 Sheet', 'static', 18, 'Metro Owned', '', '', '1036800', 'Active', '0000-00-00 00:00:00', '0000-00-00 00:00:00', 0, 0),
(245, 2, 'G30-12SP-C-FM02', '12 Sheet', 'static', 18, 'Metro Owned', '', '', '1036800', 'Active', '0000-00-00 00:00:00', '0000-00-00 00:00:00', 0, 0),
(246, 2, 'G30-12SP-C-FM06', '12 Sheet', 'static', 18, 'Metro Owned', '', '', '1036800', 'Active', '0000-00-00 00:00:00', '0000-00-00 00:00:00', 0, 0),
(247, 2, 'G30-12SP-C-FM07', '12 Sheet', 'static', 18, 'Metro Owned', '', '', '1036800', 'Active', '0000-00-00 00:00:00', '0000-00-00 00:00:00', 0, 0),
(248, 2, 'R11-6SP-C-FM06', '6 Sheet', 'static', 19, 'Metro Owned', '', '', '1036800', 'Active', '0000-00-00 00:00:00', '0000-00-00 00:00:00', 0, 0),
(249, 2, 'R11-6SP-C-FM07', '6 Sheet', 'static', 19, 'Metro Owned', '', '', '1036800', 'Active', '0000-00-00 00:00:00', '0000-00-00 00:00:00', 0, 0),
(250, 2, 'R11-6SP-C-FM08', '6 Sheet', 'static', 19, 'Metro Owned', '', '', '1036800', 'Active', '0000-00-00 00:00:00', '0000-00-00 00:00:00', 0, 0),
(251, 2, 'R11-6SP-C-FM09', '6 Sheet', 'static', 19, 'Metro Owned', '', '', '1036800', 'Active', '0000-00-00 00:00:00', '0000-00-00 00:00:00', 0, 0),
(252, 2, 'R11-6SP-EG-FM01', '6 Sheet', 'static', 19, 'Metro Owned', '', '', '1036800', 'Active', '0000-00-00 00:00:00', '0000-00-00 00:00:00', 0, 0),
(253, 2, 'R11-6SP-EG-FM02', '6 Sheet', 'static', 19, 'Metro Owned', '', '', '1036800', 'Active', '0000-00-00 00:00:00', '0000-00-00 00:00:00', 0, 0),
(254, 2, 'R11-6SP-EG-FM03', '6 Sheet', 'static', 19, 'Metro Owned', '', '', '1036800', 'Active', '0000-00-00 00:00:00', '0000-00-00 00:00:00', 0, 0),
(255, 2, 'R11-6SP-FB-FM05', '6 Sheet', 'static', 19, 'Metro Owned', '', '', '1036800', 'Active', '0000-00-00 00:00:00', '0000-00-00 00:00:00', 0, 0),
(256, 2, 'R11-12SP-C-FM02', '12 Sheet', 'static', 19, 'Metro Owned', '', '', '1036800', 'Active', '0000-00-00 00:00:00', '0000-00-00 00:00:00', 0, 0),
(257, 2, 'R11-12SP-P-FM06', '12 Sheet', 'static', 19, 'Metro Owned', '', '', '1036800', 'Active', '0000-00-00 00:00:00', '0000-00-00 00:00:00', 0, 0),
(258, 2, 'R11-12SP-P-FM07', '12 Sheet', 'static', 19, 'Metro Owned', '', '', '1036800', 'Active', '0000-00-00 00:00:00', '0000-00-00 00:00:00', 0, 0),
(259, 2, 'R11-12SP-P-FM08', '12 Sheet', 'static', 19, 'Metro Owned', '', '', '1036800', 'Active', '0000-00-00 00:00:00', '0000-00-00 00:00:00', 0, 0),
(260, 2, 'R11-12SP-P-FM09', '12 Sheet', 'static', 19, 'Metro Owned', '', '', '1036800', 'Active', '0000-00-00 00:00:00', '0000-00-00 00:00:00', 0, 0),
(261, 2, 'R11-12SP-P-FM10', '12 Sheet', 'static', 19, 'Metro Owned', '', '', '1036800', 'Active', '0000-00-00 00:00:00', '0000-00-00 00:00:00', 0, 0),
(262, 2, 'R11-12SP-P-FM11', '12 Sheet', 'static', 19, 'Metro Owned', '', '', '1036800', 'Active', '0000-00-00 00:00:00', '0000-00-00 00:00:00', 0, 0),
(263, 2, 'R11-12SP-P-FM12', '12 Sheet', 'static', 19, 'Metro Owned', '', '', '1036800', 'Active', '0000-00-00 00:00:00', '0000-00-00 00:00:00', 0, 0),
(264, 2, 'R11-12SP-P-FM13', '12 Sheet', 'static', 19, 'Metro Owned', '', '', '1036800', 'Active', '0000-00-00 00:00:00', '0000-00-00 00:00:00', 0, 0),
(265, 2, 'R11-12SP-P-FM14', '12 Sheet', 'static', 19, 'Metro Owned', '', '', '1036800', 'Active', '0000-00-00 00:00:00', '0000-00-00 00:00:00', 0, 0),
(266, 2, 'R11-12SP-P-FM15', '12 Sheet', 'static', 19, 'Metro Owned', '', '', '1036800', 'Active', '0000-00-00 00:00:00', '0000-00-00 00:00:00', 0, 0),
(267, 2, 'R11-12SP-P-FM16', '12 Sheet', 'static', 19, 'Metro Owned', '', '', '1036800', 'Active', '0000-00-00 00:00:00', '0000-00-00 00:00:00', 0, 0),
(268, 2, 'R11-12SP-P-FM17', '12 Sheet', 'static', 19, 'Metro Owned', '', '', '1036800', 'Active', '0000-00-00 00:00:00', '0000-00-00 00:00:00', 0, 0),
(269, 2, 'R12-6SP-C-FM09', '6 Sheet', 'static', 20, 'Metro Owned', '', '', '1036800', 'Active', '0000-00-00 00:00:00', '0000-00-00 00:00:00', 0, 0),
(270, 2, 'R12-6SP-C-FM10', '6 Sheet', 'static', 20, 'Metro Owned', '', '', '1036800', 'Active', '0000-00-00 00:00:00', '0000-00-00 00:00:00', 0, 0),
(271, 2, 'R12-6SP-EG-FM01', '6 Sheet', 'static', 20, 'Metro Owned', '', '', '1036800', 'Active', '0000-00-00 00:00:00', '0000-00-00 00:00:00', 0, 0),
(272, 2, 'R12-6SP-EG-FM02', '6 Sheet', 'static', 20, 'Metro Owned', '', '', '1036800', 'Active', '0000-00-00 00:00:00', '0000-00-00 00:00:00', 0, 0),
(273, 2, 'R12-6SP-EG-FM03', '6 Sheet', 'static', 20, 'Metro Owned', '', '', '1036800', 'Active', '0000-00-00 00:00:00', '0000-00-00 00:00:00', 0, 0),
(274, 2, 'R12-6SP-EG-FM06', '6 Sheet', 'static', 20, 'Metro Owned', '', '', '1036800', 'Active', '0000-00-00 00:00:00', '0000-00-00 00:00:00', 0, 0),
(275, 2, 'R12-6SP-EG-FM07', '6 Sheet', 'static', 20, 'Metro Owned', '', '', '1036800', 'Active', '0000-00-00 00:00:00', '0000-00-00 00:00:00', 0, 0),
(276, 2, 'R12-6SP-EG-FM08', '6 Sheet', 'static', 20, 'Metro Owned', '', '', '1036800', 'Active', '0000-00-00 00:00:00', '0000-00-00 00:00:00', 0, 0),
(277, 2, 'R12-6SP-FB-FM04', '6 Sheet', 'static', 20, 'Metro Owned', '', '', '1036800', 'Active', '0000-00-00 00:00:00', '0000-00-00 00:00:00', 0, 0),
(278, 2, 'R12-6SP-FB-FM05', '6 Sheet', 'static', 20, 'Metro Owned', '', '', '1036800', 'Active', '0000-00-00 00:00:00', '0000-00-00 00:00:00', 0, 0),
(279, 2, 'R12-6SP-P-FM12', '6 Sheet', 'static', 20, 'Metro Owned', '', '', '1036800', 'Active', '0000-00-00 00:00:00', '0000-00-00 00:00:00', 0, 0),
(280, 2, 'R12-6SP-P-FM13', '6 Sheet', 'static', 20, 'Metro Owned', '', '', '1036800', 'Active', '0000-00-00 00:00:00', '0000-00-00 00:00:00', 0, 0),
(281, 2, 'R12-6SP-P-FM14', '6 Sheet', 'static', 20, 'Metro Owned', '', '', '1036800', 'Active', '0000-00-00 00:00:00', '0000-00-00 00:00:00', 0, 0),
(282, 2, 'R12-6SP-P-FM15', '6 Sheet', 'static', 20, 'Metro Owned', '', '', '1036800', 'Active', '0000-00-00 00:00:00', '0000-00-00 00:00:00', 0, 0),
(283, 2, 'R12-6SP-P-FM16', '6 Sheet', 'static', 20, 'Metro Owned', '', '', '1036800', 'Active', '0000-00-00 00:00:00', '0000-00-00 00:00:00', 0, 0),
(284, 2, 'R12-6SP-P-FM17', '6 Sheet', 'static', 20, 'Metro Owned', '', '', '1036800', 'Active', '0000-00-00 00:00:00', '0000-00-00 00:00:00', 0, 0),
(285, 2, 'R12-6SP-P-FM18', '6 Sheet', 'static', 20, 'Metro Owned', '', '', '1036800', 'Active', '0000-00-00 00:00:00', '0000-00-00 00:00:00', 0, 0),
(286, 2, 'R12-6SP-P-FM19', '6 Sheet', 'static', 20, 'Metro Owned', '', '', '1036800', 'Active', '0000-00-00 00:00:00', '0000-00-00 00:00:00', 0, 0),
(287, 2, 'R12-12SP-C-FM02', '12 Sheet', 'static', 20, 'Metro Owned', '', '', '1036800', 'Active', '0000-00-00 00:00:00', '0000-00-00 00:00:00', 0, 0),
(288, 2, 'R12-12SP-C-FM04', '12 Sheet', 'static', 20, 'Metro Owned', '', '', '1036800', 'Active', '0000-00-00 00:00:00', '0000-00-00 00:00:00', 0, 0),
(289, 2, 'R12-12SP-C-FM05', '12 Sheet', 'static', 20, 'Metro Owned', '', '', '1036800', 'Active', '0000-00-00 00:00:00', '0000-00-00 00:00:00', 0, 0),
(290, 2, 'R12-12SP-P-FM06', '12 Sheet', 'static', 20, 'Metro Owned', '', '', '1036800', 'Active', '0000-00-00 00:00:00', '0000-00-00 00:00:00', 0, 0),
(291, 2, 'R12-12SP-P-FM07', '12 Sheet', 'static', 20, 'Metro Owned', '', '', '1036800', 'Active', '0000-00-00 00:00:00', '0000-00-00 00:00:00', 0, 0),
(292, 2, 'R12-12SP-P-FM08', '12 Sheet', 'static', 20, 'Metro Owned', '', '', '1036800', 'Active', '0000-00-00 00:00:00', '0000-00-00 00:00:00', 0, 0),
(293, 2, 'R12-12SP-P-FM09', '12 Sheet', 'static', 20, 'Metro Owned', '', '', '1036800', 'Active', '0000-00-00 00:00:00', '0000-00-00 00:00:00', 0, 0),
(294, 2, 'R12-LF-FB-FM01', 'Large Format', 'static', 20, 'Metro Owned', '', '', '1036800', 'Active', '0000-00-00 00:00:00', '0000-00-00 00:00:00', 0, 0),
(295, 2, 'R13-6SCR-P-FM01', '6 Sheet', 'static', 21, 'Metro Owned', '', '', '1036800', 'Active', '0000-00-00 00:00:00', '0000-00-00 00:00:00', 0, 0),
(296, 2, 'R13-12SP-C-FM01', '12 Sheet', 'static', 21, 'Metro Owned', '', '', '1036800', 'Active', '0000-00-00 00:00:00', '0000-00-00 00:00:00', 0, 0),
(297, 2, 'R13-12SP-C-FM03', '12 Sheet', 'static', 21, 'Metro Owned', '', '', '1036800', 'Active', '0000-00-00 00:00:00', '0000-00-00 00:00:00', 0, 0),
(298, 2, 'R13-12SP-C-FM06', '12 Sheet', 'static', 21, 'Metro Owned', '', '', '1036800', 'Active', '0000-00-00 00:00:00', '0000-00-00 00:00:00', 0, 0),
(299, 2, 'R13-12SP-C-FM07', '12 Sheet', 'static', 21, 'Metro Owned', '', '', '1036800', 'Active', '0000-00-00 00:00:00', '0000-00-00 00:00:00', 0, 0),
(300, 2, 'R13-12SP-C-FM08', '12 Sheet', 'static', 21, 'Metro Owned', '', '', '1036800', 'Active', '0000-00-00 00:00:00', '0000-00-00 00:00:00', 0, 0),
(301, 2, 'R13-12SP-P-FM09', '12 Sheet', 'static', 21, 'Metro Owned', '', '', '1036800', 'Active', '0000-00-00 00:00:00', '0000-00-00 00:00:00', 0, 0),
(302, 2, 'R13-12SP-P-FM10', '12 Sheet', 'static', 21, 'Metro Owned', '', '', '1036800', 'Active', '0000-00-00 00:00:00', '0000-00-00 00:00:00', 0, 0),
(303, 2, 'R13-12SP-P-FM11', '12 Sheet', 'static', 21, 'Metro Owned', '', '', '1036800', 'Active', '0000-00-00 00:00:00', '0000-00-00 00:00:00', 0, 0),
(304, 2, 'R13-12SP-P-FM12', '12 Sheet', 'static', 21, 'Metro Owned', '', '', '1036800', 'Active', '0000-00-00 00:00:00', '0000-00-00 00:00:00', 0, 0),
(305, 2, 'R13-12SP-P-FM13', '12 Sheet', 'static', 21, 'Metro Owned', '', '', '1036800', 'Active', '0000-00-00 00:00:00', '0000-00-00 00:00:00', 0, 0),
(306, 2, 'R13-12SP-P-FM14', '12 Sheet', 'static', 21, 'Metro Owned', '', '', '1036800', 'Active', '0000-00-00 00:00:00', '0000-00-00 00:00:00', 0, 0),
(307, 2, 'R13-12SP-P-FM15', '12 Sheet', 'static', 21, 'Metro Owned', '', '', '1036800', 'Active', '0000-00-00 00:00:00', '0000-00-00 00:00:00', 0, 0),
(308, 2, 'R13-12SP-P-FM16', '12 Sheet', 'static', 21, 'Metro Owned', '', '', '1036800', 'Active', '0000-00-00 00:00:00', '0000-00-00 00:00:00', 0, 0),
(309, 2, 'R14-6SP-C-FM02', '6 Sheet', 'static', 22, 'Metro Owned', '', '', '1036800', 'Active', '0000-00-00 00:00:00', '0000-00-00 00:00:00', 0, 0),
(310, 2, 'R14-6SP-FB-FM01', '6 Sheet', 'static', 22, 'Metro Owned', '', '', '1036800', 'Active', '0000-00-00 00:00:00', '0000-00-00 00:00:00', 0, 0),
(311, 2, 'R14-6SP-P-FM03', '6 Sheet', 'static', 22, 'Metro Owned', '', '', '1036800', 'Active', '0000-00-00 00:00:00', '0000-00-00 00:00:00', 0, 0),
(312, 2, 'R14-6SP-P-FM04', '6 Sheet', 'static', 22, 'Metro Owned', '', '', '1036800', 'Active', '0000-00-00 00:00:00', '0000-00-00 00:00:00', 0, 0),
(313, 2, 'R14-12SP-C-FM05', '12 Sheet', 'static', 22, 'Metro Owned', '', '', '1036800', 'Active', '0000-00-00 00:00:00', '0000-00-00 00:00:00', 0, 0),
(314, 2, 'R14-12SP-C-FM08', '12 Sheet', 'static', 22, 'Metro Owned', '', '', '1036800', 'Active', '0000-00-00 00:00:00', '0000-00-00 00:00:00', 0, 0),
(315, 2, 'R14-12SP-EG-FM02', '12 Sheet', 'static', 22, 'Metro Owned', '', '', '1036800', 'Active', '0000-00-00 00:00:00', '0000-00-00 00:00:00', 0, 0),
(316, 2, 'R14-12SP-FB-FM03', '12 Sheet', 'static', 22, 'Metro Owned', '', '', '1036800', 'Active', '0000-00-00 00:00:00', '0000-00-00 00:00:00', 0, 0),
(317, 2, 'R14-12SP-FB-FM04', '12 Sheet', 'static', 22, 'Metro Owned', '', '', '1036800', 'Active', '0000-00-00 00:00:00', '0000-00-00 00:00:00', 0, 0),
(318, 2, 'R14-12SP-P-FM09', '12 Sheet', 'static', 22, 'Metro Owned', '', '', '1036800', 'Active', '0000-00-00 00:00:00', '0000-00-00 00:00:00', 0, 0),
(319, 2, 'R14-12SP-P-FM10', '12 Sheet', 'static', 22, 'Metro Owned', '', '', '1036800', 'Active', '0000-00-00 00:00:00', '0000-00-00 00:00:00', 0, 0),
(320, 2, 'R14-12SP-P-FM11', '12 Sheet', 'static', 22, 'Metro Owned', '', '', '1036800', 'Active', '0000-00-00 00:00:00', '0000-00-00 00:00:00', 0, 0),
(321, 2, 'R14-12SP-P-FM12', '12 Sheet', 'static', 22, 'Metro Owned', '', '', '1036800', 'Active', '0000-00-00 00:00:00', '0000-00-00 00:00:00', 0, 0),
(322, 2, 'R14-12SP-P-FM13', '12 Sheet', 'static', 22, 'Metro Owned', '', '', '1036800', 'Active', '0000-00-00 00:00:00', '0000-00-00 00:00:00', 0, 0),
(323, 2, 'R14-12SP-P-FM14', '12 Sheet', 'static', 22, 'Metro Owned', '', '', '1036800', 'Active', '0000-00-00 00:00:00', '0000-00-00 00:00:00', 0, 0),
(324, 2, 'R14-12SP-P-FM15', '12 Sheet', 'static', 22, 'Metro Owned', '', '', '1036800', 'Active', '0000-00-00 00:00:00', '0000-00-00 00:00:00', 0, 0),
(325, 2, 'R14-LF-C-FM02', 'Large Format', 'static', 22, 'Metro Owned', '', '', '1036800', 'Active', '0000-00-00 00:00:00', '0000-00-00 00:00:00', 0, 0),
(326, 2, 'R15-6SCR-P-FM01', '6 Sheet', 'static', 23, 'Metro Owned', '', '', '1036800', 'Active', '0000-00-00 00:00:00', '0000-00-00 00:00:00', 0, 0),
(327, 2, 'R15-6SCR-P-FM02', '6 Sheet', 'static', 23, 'Metro Owned', '', '', '1036800', 'Active', '0000-00-00 00:00:00', '0000-00-00 00:00:00', 0, 0),
(328, 2, 'R15-6SCR-P-FM03', '6 Sheet', 'static', 23, 'Metro Owned', '', '', '1036800', 'Active', '0000-00-00 00:00:00', '0000-00-00 00:00:00', 0, 0),
(329, 2, 'R15-6SCR-P-FM04', '6 Sheet', 'static', 23, 'Metro Owned', '', '', '1036800', 'Active', '0000-00-00 00:00:00', '0000-00-00 00:00:00', 0, 0),
(330, 2, 'R15-6SP-EG-FM01', '6 Sheet', 'static', 23, 'Metro Owned', '', '', '1036800', 'Active', '0000-00-00 00:00:00', '0000-00-00 00:00:00', 0, 0),
(331, 2, 'R15-6SP-EG-FM02', '6 Sheet', 'static', 23, 'Metro Owned', '', '', '1036800', 'Active', '0000-00-00 00:00:00', '0000-00-00 00:00:00', 0, 0),
(332, 2, 'R15-6SP-EG-FM03', '6 Sheet', 'static', 23, 'Metro Owned', '', '', '1036800', 'Active', '0000-00-00 00:00:00', '0000-00-00 00:00:00', 0, 0),
(333, 2, 'R15-6SP-EG-FM04', '6 Sheet', 'static', 23, 'Metro Owned', '', '', '1036800', 'Active', '0000-00-00 00:00:00', '0000-00-00 00:00:00', 0, 0),
(334, 2, 'R15-6SP-EG-FM05', '6 Sheet', 'static', 23, 'Metro Owned', '', '', '1036800', 'Active', '0000-00-00 00:00:00', '0000-00-00 00:00:00', 0, 0),
(335, 2, 'R15-6SP-EG-FM06', '6 Sheet', 'static', 23, 'Metro Owned', '', '', '1036800', 'Active', '0000-00-00 00:00:00', '0000-00-00 00:00:00', 0, 0),
(336, 2, 'R15-6SP-EG-FM07', '6 Sheet', 'static', 23, 'Metro Owned', '', '', '1036800', 'Active', '0000-00-00 00:00:00', '0000-00-00 00:00:00', 0, 0),
(337, 2, 'R15-6SP-EG-FM08', '6 Sheet', 'static', 23, 'Metro Owned', '', '', '1036800', 'Active', '0000-00-00 00:00:00', '0000-00-00 00:00:00', 0, 0),
(338, 2, 'R15-6SP-P-FM09', '6 Sheet', 'static', 23, 'Metro Owned', '', '', '1036800', 'Active', '0000-00-00 00:00:00', '0000-00-00 00:00:00', 0, 0);
INSERT INTO `assets` (`id`, `department_id`, `ref_no`, `name`, `type`, `location_id`, `owned_by`, `asset_photo`, `description`, `installation_time`, `status`, `created_at`, `updated_at`, `created_by`, `updated_by`) VALUES
(339, 2, 'R15-6SP-P-FM10', '6 Sheet', 'static', 23, 'Metro Owned', '', '', '1036800', 'Active', '0000-00-00 00:00:00', '0000-00-00 00:00:00', 0, 0),
(340, 2, 'R15-6SP-P-FM11', '6 Sheet', 'static', 23, 'Metro Owned', '', '', '1036800', 'Active', '0000-00-00 00:00:00', '0000-00-00 00:00:00', 0, 0),
(341, 2, 'R15-6SP-P-FM12', '6 Sheet', 'static', 23, 'Metro Owned', '', '', '1036800', 'Active', '0000-00-00 00:00:00', '0000-00-00 00:00:00', 0, 0),
(342, 2, 'R15-12SP-C-FM01', '12 Sheet', 'static', 23, 'Metro Owned', '', '', '1036800', 'Active', '0000-00-00 00:00:00', '0000-00-00 00:00:00', 0, 0),
(343, 2, 'R15-12SP-C-FM03', '12 Sheet', 'static', 23, 'Metro Owned', '', '', '1036800', 'Active', '0000-00-00 00:00:00', '0000-00-00 00:00:00', 0, 0),
(344, 2, 'R15-12SP-C-FM04', '12 Sheet', 'static', 23, 'Metro Owned', '', '', '1036800', 'Active', '0000-00-00 00:00:00', '0000-00-00 00:00:00', 0, 0),
(345, 2, 'R15-12SP-P-FM05', '12 Sheet', 'static', 23, 'Metro Owned', '', '', '1036800', 'Active', '0000-00-00 00:00:00', '0000-00-00 00:00:00', 0, 0),
(346, 2, 'R15-12SP-P-FM06', '12 Sheet', 'static', 23, 'Metro Owned', '', '', '1036800', 'Active', '0000-00-00 00:00:00', '0000-00-00 00:00:00', 0, 0),
(347, 2, 'R15-12SP-P-FM07', '12 Sheet', 'static', 23, 'Metro Owned', '', '', '1036800', 'Active', '0000-00-00 00:00:00', '0000-00-00 00:00:00', 0, 0),
(348, 2, 'R15-12SP-P-FM08', '12 Sheet', 'static', 23, 'Metro Owned', '', '', '1036800', 'Active', '0000-00-00 00:00:00', '0000-00-00 00:00:00', 0, 0),
(349, 2, 'R15-LF-FB-FM01', 'Large Format', 'static', 23, 'Metro Owned', '', '', '1036800', 'Active', '0000-00-00 00:00:00', '0000-00-00 00:00:00', 0, 0),
(350, 2, 'R15-LF-FB-FM02', 'Large Format', 'static', 23, 'Metro Owned', '', '', '1036800', 'Active', '0000-00-00 00:00:00', '0000-00-00 00:00:00', 0, 0),
(351, 2, 'R16-6SCR-EG-FM01', '6 Sheet', 'static', 24, 'Metro Owned', '', '', '1036800', 'Active', '0000-00-00 00:00:00', '0000-00-00 00:00:00', 0, 0),
(352, 2, 'R16-6SCR-EG-FM02', '6 Sheet', 'static', 24, 'Metro Owned', '', '', '1036800', 'Active', '0000-00-00 00:00:00', '0000-00-00 00:00:00', 0, 0),
(353, 2, 'R16-6SP-C-FM06', '6 Sheet', 'static', 24, 'Metro Owned', '', '', '1036800', 'Active', '0000-00-00 00:00:00', '0000-00-00 00:00:00', 0, 0),
(354, 2, 'R16-6SP-C-FM07', '6 Sheet', 'static', 24, 'Metro Owned', '', '', '1036800', 'Active', '0000-00-00 00:00:00', '0000-00-00 00:00:00', 0, 0),
(355, 2, 'R16-6SP-C-FM08', '6 Sheet', 'static', 24, 'Metro Owned', '', '', '1036800', 'Active', '0000-00-00 00:00:00', '0000-00-00 00:00:00', 0, 0),
(356, 2, 'R16-6SP-EG-FM03', '6 Sheet', 'static', 24, 'Metro Owned', '', '', '1036800', 'Active', '0000-00-00 00:00:00', '0000-00-00 00:00:00', 0, 0),
(357, 2, 'R16-6SP-EG-FM05', '6 Sheet', 'static', 24, 'Metro Owned', '', '', '1036800', 'Active', '0000-00-00 00:00:00', '0000-00-00 00:00:00', 0, 0),
(358, 2, 'R16-6SP-P-FM10', '6 Sheet', 'static', 24, 'Metro Owned', '', '', '1036800', 'Active', '0000-00-00 00:00:00', '0000-00-00 00:00:00', 0, 0),
(359, 2, 'R16-6SP-P-FM11', '6 Sheet', 'static', 24, 'Metro Owned', '', '', '1036800', 'Active', '0000-00-00 00:00:00', '0000-00-00 00:00:00', 0, 0),
(360, 2, 'R16-6SP-P-FM12', '6 Sheet', 'static', 24, 'Metro Owned', '', '', '1036800', 'Active', '0000-00-00 00:00:00', '0000-00-00 00:00:00', 0, 0),
(361, 2, 'R16-6SP-P-FM13', '6 Sheet', 'static', 24, 'Metro Owned', '', '', '1036800', 'Active', '0000-00-00 00:00:00', '0000-00-00 00:00:00', 0, 0),
(362, 2, 'R16-6SP-P-FM17', '6 Sheet', 'static', 24, 'Metro Owned', '', '', '1036800', 'Active', '0000-00-00 00:00:00', '0000-00-00 00:00:00', 0, 0),
(363, 2, 'R16-12SP-EG-FM01', '12 Sheet', 'static', 24, 'Metro Owned', '', '', '1036800', 'Active', '0000-00-00 00:00:00', '0000-00-00 00:00:00', 0, 0),
(364, 2, 'R16-12SP-P-FM15', '12 Sheet', 'static', 24, 'Metro Owned', '', '', '1036800', 'Active', '0000-00-00 00:00:00', '0000-00-00 00:00:00', 0, 0),
(365, 2, 'R16-12SP-P-FM18', '12 Sheet', 'static', 24, 'Metro Owned', '', '', '1036800', 'Active', '0000-00-00 00:00:00', '0000-00-00 00:00:00', 0, 0),
(366, 2, 'R16-12SP-P-FM21', '12 Sheet', 'static', 24, 'Metro Owned', '', '', '1036800', 'Active', '0000-00-00 00:00:00', '0000-00-00 00:00:00', 0, 0),
(367, 2, 'R17-6SP-EG-FM01', '6 Sheet', 'static', 25, 'Metro Owned', '', '', '1036800', 'Active', '0000-00-00 00:00:00', '0000-00-00 00:00:00', 0, 0),
(368, 2, 'R17-6SP-EG-FM02', '6 Sheet', 'static', 25, 'Metro Owned', '', '', '1036800', 'Active', '0000-00-00 00:00:00', '0000-00-00 00:00:00', 0, 0),
(369, 2, 'R17-6SP-EG-FM03', '6 Sheet', 'static', 25, 'Metro Owned', '', '', '1036800', 'Active', '0000-00-00 00:00:00', '0000-00-00 00:00:00', 0, 0),
(370, 2, 'R17-6SP-P-FM04', '6 Sheet', 'static', 25, 'Metro Owned', '', '', '1036800', 'Active', '0000-00-00 00:00:00', '0000-00-00 00:00:00', 0, 0),
(371, 2, 'R17-6SP-P-FM05', '6 Sheet', 'static', 25, 'Metro Owned', '', '', '1036800', 'Active', '0000-00-00 00:00:00', '0000-00-00 00:00:00', 0, 0),
(372, 2, 'R17-6SP-P-FM06', '6 Sheet', 'static', 25, 'Metro Owned', '', '', '1036800', 'Active', '0000-00-00 00:00:00', '0000-00-00 00:00:00', 0, 0),
(373, 2, 'R17-6SP-P-FM07', '6 Sheet', 'static', 25, 'Metro Owned', '', '', '1036800', 'Active', '0000-00-00 00:00:00', '0000-00-00 00:00:00', 0, 0),
(374, 2, 'R17-12SP-C-FM03', '12 Sheet', 'static', 25, 'Metro Owned', '', '', '1036800', 'Active', '0000-00-00 00:00:00', '0000-00-00 00:00:00', 0, 0),
(375, 2, 'R17-12SP-C-FM06', '12 Sheet', 'static', 25, 'Metro Owned', '', '', '1036800', 'Active', '0000-00-00 00:00:00', '0000-00-00 00:00:00', 0, 0),
(376, 2, 'R17-12SP-P-FM07', '12 Sheet', 'static', 25, 'Metro Owned', '', '', '1036800', 'Active', '0000-00-00 00:00:00', '0000-00-00 00:00:00', 0, 0),
(377, 2, 'R17-12SP-P-FM08', '12 Sheet', 'static', 25, 'Metro Owned', '', '', '1036800', 'Active', '0000-00-00 00:00:00', '0000-00-00 00:00:00', 0, 0),
(378, 2, 'R17-12SP-P-FM09', '12 Sheet', 'static', 25, 'Metro Owned', '', '', '1036800', 'Active', '0000-00-00 00:00:00', '0000-00-00 00:00:00', 0, 0),
(379, 2, 'R17-12SP-P-FM10', '12 Sheet', 'static', 25, 'Metro Owned', '', '', '1036800', 'Active', '0000-00-00 00:00:00', '0000-00-00 00:00:00', 0, 0),
(380, 2, 'R17-12SP-P-FM11', '12 Sheet', 'static', 25, 'Metro Owned', '', '', '1036800', 'Active', '0000-00-00 00:00:00', '0000-00-00 00:00:00', 0, 0),
(381, 2, 'R17-12SP-P-FM12', '12 Sheet', 'static', 25, 'Metro Owned', '', '', '1036800', 'Active', '0000-00-00 00:00:00', '0000-00-00 00:00:00', 0, 0),
(382, 2, 'R17-12SP-P-FM13', '12 Sheet', 'static', 25, 'Metro Owned', '', '', '1036800', 'Active', '0000-00-00 00:00:00', '0000-00-00 00:00:00', 0, 0),
(383, 2, 'R17-12SP-P-FM14', '12 Sheet', 'static', 25, 'Metro Owned', '', '', '1036800', 'Active', '0000-00-00 00:00:00', '0000-00-00 00:00:00', 0, 0),
(384, 2, 'R18-6SCR-C-FM01', '6 Sheet', 'static', 26, 'Metro Owned', '', '', '1036800', 'Active', '0000-00-00 00:00:00', '0000-00-00 00:00:00', 0, 0),
(385, 2, 'R18-6SCR-C-FM02', '6 Sheet', 'static', 26, 'Metro Owned', '', '', '1036800', 'Active', '0000-00-00 00:00:00', '0000-00-00 00:00:00', 0, 0),
(386, 2, 'R18-6SP-C-FM04', '6 Sheet', 'static', 26, 'Metro Owned', '', '', '1036800', 'Active', '0000-00-00 00:00:00', '0000-00-00 00:00:00', 0, 0),
(387, 2, 'R18-6SP-C-FM05', '6 Sheet', 'static', 26, 'Metro Owned', '', '', '1036800', 'Active', '0000-00-00 00:00:00', '0000-00-00 00:00:00', 0, 0),
(388, 2, 'R18-6SP-C-FM06', '6 Sheet', 'static', 26, 'Metro Owned', '', '', '1036800', 'Active', '0000-00-00 00:00:00', '0000-00-00 00:00:00', 0, 0),
(389, 2, 'R18-6SP-C-FM07', '6 Sheet', 'static', 26, 'Metro Owned', '', '', '1036800', 'Active', '0000-00-00 00:00:00', '0000-00-00 00:00:00', 0, 0),
(390, 2, 'R18-6SP-C-FM08', '6 Sheet', 'static', 26, 'Metro Owned', '', '', '1036800', 'Active', '0000-00-00 00:00:00', '0000-00-00 00:00:00', 0, 0),
(391, 2, 'R18-6SP-C-FM09', '6 Sheet', 'static', 26, 'Metro Owned', '', '', '1036800', 'Active', '0000-00-00 00:00:00', '0000-00-00 00:00:00', 0, 0),
(392, 2, 'R18-6SP-C-FM10', '6 Sheet', 'static', 26, 'Metro Owned', '', '', '1036800', 'Active', '0000-00-00 00:00:00', '0000-00-00 00:00:00', 0, 0),
(393, 2, 'R18-6SP-EG-FM01', '6 Sheet', 'static', 26, 'Metro Owned', '', '', '1036800', 'Active', '0000-00-00 00:00:00', '0000-00-00 00:00:00', 0, 0),
(394, 2, 'R18-6SP-EG-FM02', '6 Sheet', 'static', 26, 'Metro Owned', '', '', '1036800', 'Active', '0000-00-00 00:00:00', '0000-00-00 00:00:00', 0, 0),
(395, 2, 'R18-6SP-EG-FM03', '6 Sheet', 'static', 26, 'Metro Owned', '', '', '1036800', 'Active', '0000-00-00 00:00:00', '0000-00-00 00:00:00', 0, 0),
(396, 2, 'R18-6SP-P-FM11', '6 Sheet', 'static', 26, 'Metro Owned', '', '', '1036800', 'Active', '0000-00-00 00:00:00', '0000-00-00 00:00:00', 0, 0),
(397, 2, 'R18-6SP-P-FM12', '6 Sheet', 'static', 26, 'Metro Owned', '', '', '1036800', 'Active', '0000-00-00 00:00:00', '0000-00-00 00:00:00', 0, 0),
(398, 2, 'R18-6SP-P-FM13', '6 Sheet', 'static', 26, 'Metro Owned', '', '', '1036800', 'Active', '0000-00-00 00:00:00', '0000-00-00 00:00:00', 0, 0),
(399, 2, 'R18-6SP-P-FM14', '6 Sheet', 'static', 26, 'Metro Owned', '', '', '1036800', 'Active', '0000-00-00 00:00:00', '0000-00-00 00:00:00', 0, 0),
(400, 2, 'R18-6SP-P-FM15', '6 Sheet', 'static', 26, 'Metro Owned', '', '', '1036800', 'Active', '0000-00-00 00:00:00', '0000-00-00 00:00:00', 0, 0),
(401, 2, 'R18-6SP-P-FM16', '6 Sheet', 'static', 26, 'Metro Owned', '', '', '1036800', 'Active', '0000-00-00 00:00:00', '0000-00-00 00:00:00', 0, 0),
(402, 2, 'R18-12SP-P-FM03', '12 Sheet', 'static', 26, 'Metro Owned', '', '', '1036800', 'Active', '0000-00-00 00:00:00', '0000-00-00 00:00:00', 0, 0),
(403, 2, 'R18-12SP-P-FM04', '12 Sheet', 'static', 26, 'Metro Owned', '', '', '1036800', 'Active', '0000-00-00 00:00:00', '0000-00-00 00:00:00', 0, 0),
(404, 2, 'R18-12SP-P-FM05', '12 Sheet', 'static', 26, 'Metro Owned', '', '', '1036800', 'Active', '0000-00-00 00:00:00', '0000-00-00 00:00:00', 0, 0),
(405, 2, 'R18-12SP-P-FM07', '12 Sheet', 'static', 26, 'Metro Owned', '', '', '1036800', 'Active', '0000-00-00 00:00:00', '0000-00-00 00:00:00', 0, 0),
(406, 2, 'R19-6SP-C-FM01', '6 Sheet', 'static', 27, 'Metro Owned', '', '', '1036800', 'Active', '0000-00-00 00:00:00', '0000-00-00 00:00:00', 0, 0),
(407, 2, 'R19-6SP-P-FM05', '6 Sheet', 'static', 27, 'Metro Owned', '', '', '1036800', 'Active', '0000-00-00 00:00:00', '0000-00-00 00:00:00', 0, 0),
(408, 2, 'R19-6SP-P-FM06', '6 Sheet', 'static', 27, 'Metro Owned', '', '', '1036800', 'Active', '0000-00-00 00:00:00', '0000-00-00 00:00:00', 0, 0),
(409, 2, 'R19-6SP-P-FM07', '6 Sheet', 'static', 27, 'Metro Owned', '', '', '1036800', 'Active', '0000-00-00 00:00:00', '0000-00-00 00:00:00', 0, 0),
(410, 2, 'R19-6SP-P-FM08', '6 Sheet', 'static', 27, 'Metro Owned', '', '', '1036800', 'Active', '0000-00-00 00:00:00', '0000-00-00 00:00:00', 0, 0),
(411, 2, 'R20-6SP-C-FM10', '6 Sheet', 'static', 28, 'Metro Owned', '', '', '1036800', 'Active', '0000-00-00 00:00:00', '0000-00-00 00:00:00', 0, 0),
(412, 2, 'R20-6SP-C-FM11', '6 Sheet', 'static', 28, 'Metro Owned', '', '', '1036800', 'Active', '0000-00-00 00:00:00', '0000-00-00 00:00:00', 0, 0),
(413, 2, 'R20-6SP-EG-FM01', '6 Sheet', 'static', 28, 'Metro Owned', '', '', '1036800', 'Active', '0000-00-00 00:00:00', '0000-00-00 00:00:00', 0, 0),
(414, 2, 'R20-6SP-EG-FM02', '6 Sheet', 'static', 28, 'Metro Owned', '', '', '1036800', 'Active', '0000-00-00 00:00:00', '0000-00-00 00:00:00', 0, 0),
(415, 2, 'R20-6SP-EG-FM03', '6 Sheet', 'static', 28, 'Metro Owned', '', '', '1036800', 'Active', '0000-00-00 00:00:00', '0000-00-00 00:00:00', 0, 0),
(416, 2, 'R20-6SP-EG-FM04', '6 Sheet', 'static', 28, 'Metro Owned', '', '', '1036800', 'Active', '0000-00-00 00:00:00', '0000-00-00 00:00:00', 0, 0),
(417, 2, 'R20-6SP-EG-FM05', '6 Sheet', 'static', 28, 'Metro Owned', '', '', '1036800', 'Active', '0000-00-00 00:00:00', '0000-00-00 00:00:00', 0, 0),
(418, 2, 'R20-6SP-EG-FM06', '6 Sheet', 'static', 28, 'Metro Owned', '', '', '1036800', 'Active', '0000-00-00 00:00:00', '0000-00-00 00:00:00', 0, 0),
(419, 2, 'R20-6SP-EG-FM07', '6 Sheet', 'static', 28, 'Metro Owned', '', '', '1036800', 'Active', '0000-00-00 00:00:00', '0000-00-00 00:00:00', 0, 0),
(420, 2, 'R20-6SP-FB-FM08', '6 Sheet', 'static', 28, 'Metro Owned', '', '', '1036800', 'Active', '0000-00-00 00:00:00', '0000-00-00 00:00:00', 0, 0),
(421, 2, 'R20-6SP-FB-FM09', '6 Sheet', 'static', 28, 'Metro Owned', '', '', '1036800', 'Active', '0000-00-00 00:00:00', '0000-00-00 00:00:00', 0, 0),
(422, 2, 'R20-6SP-P-FM12', '6 Sheet', 'static', 28, 'Metro Owned', '', '', '1036800', 'Active', '0000-00-00 00:00:00', '0000-00-00 00:00:00', 0, 0),
(423, 2, 'R20-6SP-P-FM13', '6 Sheet', 'static', 28, 'Metro Owned', '', '', '1036800', 'Active', '0000-00-00 00:00:00', '0000-00-00 00:00:00', 0, 0),
(424, 2, 'R20-6SP-P-FM14', '6 Sheet', 'static', 28, 'Metro Owned', '', '', '1036800', 'Active', '0000-00-00 00:00:00', '0000-00-00 00:00:00', 0, 0),
(425, 2, 'R20-6SP-P-FM15', '6 Sheet', 'static', 28, 'Metro Owned', '', '', '1036800', 'Active', '0000-00-00 00:00:00', '0000-00-00 00:00:00', 0, 0),
(426, 2, 'R20-6SP-P-FM16', '6 Sheet', 'static', 28, 'Metro Owned', '', '', '1036800', 'Active', '0000-00-00 00:00:00', '0000-00-00 00:00:00', 0, 0),
(427, 2, 'R20-6SP-P-FM17', '6 Sheet', 'static', 28, 'Metro Owned', '', '', '1036800', 'Active', '0000-00-00 00:00:00', '0000-00-00 00:00:00', 0, 0),
(428, 2, 'R20-6SP-P-FM18', '6 Sheet', 'static', 28, 'Metro Owned', '', '', '1036800', 'Active', '0000-00-00 00:00:00', '0000-00-00 00:00:00', 0, 0),
(429, 2, 'R20-6SP-P-FM19', '6 Sheet', 'static', 28, 'Metro Owned', '', '', '1036800', 'Active', '0000-00-00 00:00:00', '0000-00-00 00:00:00', 0, 0),
(430, 2, 'R20-12SP-C-FM03', '12 Sheet', 'static', 28, 'Metro Owned', '', '', '1036800', 'Active', '0000-00-00 00:00:00', '0000-00-00 00:00:00', 0, 0),
(431, 2, 'R20-12SP-C-FM05', '12 Sheet', 'static', 28, 'Metro Owned', '', '', '1036800', 'Active', '0000-00-00 00:00:00', '0000-00-00 00:00:00', 0, 0),
(432, 2, 'R20-12SP-P-FM07', '12 Sheet', 'static', 28, 'Metro Owned', '', '', '1036800', 'Active', '0000-00-00 00:00:00', '0000-00-00 00:00:00', 0, 0),
(433, 2, 'R20-12SP-P-FM08', '12 Sheet', 'static', 28, 'Metro Owned', '', '', '1036800', 'Active', '0000-00-00 00:00:00', '0000-00-00 00:00:00', 0, 0),
(434, 2, 'R20-12SP-P-FM09', '12 Sheet', 'static', 28, 'Metro Owned', '', '', '1036800', 'Active', '0000-00-00 00:00:00', '0000-00-00 00:00:00', 0, 0),
(435, 2, 'R20-12SP-P-FM10', '12 Sheet', 'static', 28, 'Metro Owned', '', '', '1036800', 'Active', '0000-00-00 00:00:00', '0000-00-00 00:00:00', 0, 0),
(436, 2, 'R20-LF-FB-FM01', 'Large Format', 'static', 28, 'Metro Owned', '', '', '1036800', 'Active', '0000-00-00 00:00:00', '0000-00-00 00:00:00', 0, 0),
(437, 2, 'R21-6SP-C-FM05', '6 Sheet', 'static', 29, 'Metro Owned', '', '', '1036800', 'Active', '0000-00-00 00:00:00', '0000-00-00 00:00:00', 0, 0),
(438, 2, 'R21-6SP-C-FM06', '6 Sheet', 'static', 29, 'Metro Owned', '', '', '1036800', 'Active', '0000-00-00 00:00:00', '0000-00-00 00:00:00', 0, 0),
(439, 2, 'R21-6SP-C-FM07', '6 Sheet', 'static', 29, 'Metro Owned', '', '', '1036800', 'Active', '0000-00-00 00:00:00', '0000-00-00 00:00:00', 0, 0),
(440, 2, 'R21-6SP-C-FM08', '6 Sheet', 'static', 29, 'Metro Owned', '', '', '1036800', 'Active', '0000-00-00 00:00:00', '0000-00-00 00:00:00', 0, 0),
(441, 2, 'R21-6SP-C-FM09', '6 Sheet', 'static', 29, 'Metro Owned', '', '', '1036800', 'Active', '0000-00-00 00:00:00', '0000-00-00 00:00:00', 0, 0),
(442, 2, 'R21-6SP-EG-FM01', '6 Sheet', 'static', 29, 'Metro Owned', '', '', '1036800', 'Active', '0000-00-00 00:00:00', '0000-00-00 00:00:00', 0, 0),
(443, 2, 'R21-6SP-EG-FM02', '6 Sheet', 'static', 29, 'Metro Owned', '', '', '1036800', 'Active', '0000-00-00 00:00:00', '0000-00-00 00:00:00', 0, 0),
(444, 2, 'R21-6SP-EG-FM03', '6 Sheet', 'static', 29, 'Metro Owned', '', '', '1036800', 'Active', '0000-00-00 00:00:00', '0000-00-00 00:00:00', 0, 0),
(445, 2, 'R21-6SP-EG-FM04', '6 Sheet', 'static', 29, 'Metro Owned', '', '', '1036800', 'Active', '0000-00-00 00:00:00', '0000-00-00 00:00:00', 0, 0),
(446, 2, 'R21-12SP-C-FM03', '12 Sheet', 'static', 29, 'Metro Owned', '', '', '1036800', 'Active', '0000-00-00 00:00:00', '0000-00-00 00:00:00', 0, 0),
(447, 2, 'R21-12SP-C-FM05', '12 Sheet', 'static', 29, 'Metro Owned', '', '', '1036800', 'Active', '0000-00-00 00:00:00', '0000-00-00 00:00:00', 0, 0),
(448, 2, 'R21-12SP-P-FM07', '12 Sheet', 'static', 29, 'Metro Owned', '', '', '1036800', 'Active', '0000-00-00 00:00:00', '0000-00-00 00:00:00', 0, 0),
(449, 2, 'R21-12SP-P-FM08', '12 Sheet', 'static', 29, 'Metro Owned', '', '', '1036800', 'Active', '0000-00-00 00:00:00', '0000-00-00 00:00:00', 0, 0),
(450, 2, 'R21-12SP-P-FM11', '12 Sheet', 'static', 29, 'Metro Owned', '', '', '1036800', 'Active', '0000-00-00 00:00:00', '0000-00-00 00:00:00', 0, 0),
(451, 2, 'R21-12SP-P-FM12', '12 Sheet', 'static', 29, 'Metro Owned', '', '', '1036800', 'Active', '0000-00-00 00:00:00', '0000-00-00 00:00:00', 0, 0),
(452, 2, 'R21-LF-FB-FM01', 'Large Format', 'static', 29, 'Metro Owned', '', '', '1036800', 'Active', '0000-00-00 00:00:00', '0000-00-00 00:00:00', 0, 0),
(453, 2, 'R22-6SCR-EG-FM01', '6 Sheet', 'static', 30, 'Metro Owned', '', '', '1036800', 'Active', '0000-00-00 00:00:00', '0000-00-00 00:00:00', 0, 0),
(454, 2, 'R22-6SCR-EG-FM02', '6 Sheet', 'static', 30, 'Metro Owned', '', '', '1036800', 'Active', '0000-00-00 00:00:00', '0000-00-00 00:00:00', 0, 0),
(455, 2, 'R22-6SP-C-FM03', '6 Sheet', 'static', 30, 'Metro Owned', '', '', '1036800', 'Active', '0000-00-00 00:00:00', '0000-00-00 00:00:00', 0, 0),
(456, 2, 'R22-6SP-C-FM04', '6 Sheet', 'static', 30, 'Metro Owned', '', '', '1036800', 'Active', '0000-00-00 00:00:00', '0000-00-00 00:00:00', 0, 0),
(457, 2, 'R22-6SP-C-FM05', '6 Sheet', 'static', 30, 'Metro Owned', '', '', '1036800', 'Active', '0000-00-00 00:00:00', '0000-00-00 00:00:00', 0, 0),
(458, 2, 'R22-6SP-C-FM06', '6 Sheet', 'static', 30, 'Metro Owned', '', '', '1036800', 'Active', '0000-00-00 00:00:00', '0000-00-00 00:00:00', 0, 0),
(459, 2, 'R22-6SP-C-FM07', '6 Sheet', 'static', 30, 'Metro Owned', '', '', '1036800', 'Active', '0000-00-00 00:00:00', '0000-00-00 00:00:00', 0, 0),
(460, 2, 'R22-6SP-C-FM08', '6 Sheet', 'static', 30, 'Metro Owned', '', '', '1036800', 'Active', '0000-00-00 00:00:00', '0000-00-00 00:00:00', 0, 0),
(461, 2, 'R22-6SP-C-FM09', '6 Sheet', 'static', 30, 'Metro Owned', '', '', '1036800', 'Active', '0000-00-00 00:00:00', '0000-00-00 00:00:00', 0, 0),
(462, 2, 'R22-6SP-EG-FM01', '6 Sheet', 'static', 30, 'Metro Owned', '', '', '1036800', 'Active', '0000-00-00 00:00:00', '0000-00-00 00:00:00', 0, 0),
(463, 2, 'R22-6SP-EG-FM02', '6 Sheet', 'static', 30, 'Metro Owned', '', '', '1036800', 'Active', '0000-00-00 00:00:00', '0000-00-00 00:00:00', 0, 0),
(464, 2, 'R22-6SP-P-FM10', '6 Sheet', 'static', 30, 'Metro Owned', '', '', '1036800', 'Active', '0000-00-00 00:00:00', '0000-00-00 00:00:00', 0, 0),
(465, 2, 'R22-6SP-P-FM11', '6 Sheet', 'static', 30, 'Metro Owned', '', '', '1036800', 'Active', '0000-00-00 00:00:00', '0000-00-00 00:00:00', 0, 0),
(466, 2, 'R22-6SP-P-FM12', '6 Sheet', 'static', 30, 'Metro Owned', '', '', '1036800', 'Active', '0000-00-00 00:00:00', '0000-00-00 00:00:00', 0, 0),
(467, 2, 'R22-6SP-P-FM13', '6 Sheet', 'static', 30, 'Metro Owned', '', '', '1036800', 'Active', '0000-00-00 00:00:00', '0000-00-00 00:00:00', 0, 0),
(468, 2, 'R22-12SP-C-FM04', '12 Sheet', 'static', 30, 'Metro Owned', '', '', '1036800', 'Active', '0000-00-00 00:00:00', '0000-00-00 00:00:00', 0, 0),
(469, 2, 'R22-12SP-C-FM06', '12 Sheet', 'static', 30, 'Metro Owned', '', '', '1036800', 'Active', '0000-00-00 00:00:00', '0000-00-00 00:00:00', 0, 0),
(470, 2, 'R22-12SP-P-FM07', '12 Sheet', 'static', 30, 'Metro Owned', '', '', '1036800', 'Active', '0000-00-00 00:00:00', '0000-00-00 00:00:00', 0, 0),
(471, 2, 'R22-12SP-P-FM08', '12 Sheet', 'static', 30, 'Metro Owned', '', '', '1036800', 'Active', '0000-00-00 00:00:00', '0000-00-00 00:00:00', 0, 0),
(472, 2, 'R22-12SP-P-FM09', '12 Sheet', 'static', 30, 'Metro Owned', '', '', '1036800', 'Active', '0000-00-00 00:00:00', '0000-00-00 00:00:00', 0, 0),
(473, 2, 'R22-12SP-P-FM10', '12 Sheet', 'static', 30, 'Metro Owned', '', '', '1036800', 'Active', '0000-00-00 00:00:00', '0000-00-00 00:00:00', 0, 0),
(474, 2, 'R22-LF-C-FM02', 'Large Format', 'static', 30, 'Metro Owned', '', '', '1036800', 'Active', '0000-00-00 00:00:00', '0000-00-00 00:00:00', 0, 0),
(475, 2, 'R22-LF-FB-FM01', 'Large Format', 'static', 30, 'Metro Owned', '', '', '1036800', 'Active', '0000-00-00 00:00:00', '0000-00-00 00:00:00', 0, 0),
(476, 2, 'R23-6SCR-P-FM01', '6 Sheet', 'static', 31, 'Metro Owned', '', '', '1036800', 'Active', '0000-00-00 00:00:00', '0000-00-00 00:00:00', 0, 0),
(477, 2, 'R23-6SCR-P-FM02', '6 Sheet', 'static', 31, 'Metro Owned', '', '', '1036800', 'Active', '0000-00-00 00:00:00', '0000-00-00 00:00:00', 0, 0),
(478, 2, 'R23-6SCR-P-FM03', '6 Sheet', 'static', 31, 'Metro Owned', '', '', '1036800', 'Active', '0000-00-00 00:00:00', '0000-00-00 00:00:00', 0, 0),
(479, 2, 'R23-6SCR-P-FM04', '6 Sheet', 'static', 31, 'Metro Owned', '', '', '1036800', 'Active', '0000-00-00 00:00:00', '0000-00-00 00:00:00', 0, 0),
(480, 2, 'R23-6SP-EG-FM01', '6 Sheet', 'static', 31, 'Metro Owned', '', '', '1036800', 'Active', '0000-00-00 00:00:00', '0000-00-00 00:00:00', 0, 0),
(481, 2, 'R23-6SP-EG-FM02', '6 Sheet', 'static', 31, 'Metro Owned', '', '', '1036800', 'Active', '0000-00-00 00:00:00', '0000-00-00 00:00:00', 0, 0),
(482, 2, 'R23-6SP-EG-FM03', '6 Sheet', 'static', 31, 'Metro Owned', '', '', '1036800', 'Active', '0000-00-00 00:00:00', '0000-00-00 00:00:00', 0, 0),
(483, 2, 'R23-6SP-EG-FM04', '6 Sheet', 'static', 31, 'Metro Owned', '', '', '1036800', 'Active', '0000-00-00 00:00:00', '0000-00-00 00:00:00', 0, 0),
(484, 2, 'R23-6SP-EG-FM05', '6 Sheet', 'static', 31, 'Metro Owned', '', '', '1036800', 'Active', '0000-00-00 00:00:00', '0000-00-00 00:00:00', 0, 0),
(485, 2, 'R23-6SP-EG-FM06', '6 Sheet', 'static', 31, 'Metro Owned', '', '', '1036800', 'Active', '0000-00-00 00:00:00', '0000-00-00 00:00:00', 0, 0),
(486, 2, 'R23-6SP-EG-FM07', '6 Sheet', 'static', 31, 'Metro Owned', '', '', '1036800', 'Active', '0000-00-00 00:00:00', '0000-00-00 00:00:00', 0, 0),
(487, 2, 'R23-6SP-EG-FM08', '6 Sheet', 'static', 31, 'Metro Owned', '', '', '1036800', 'Active', '0000-00-00 00:00:00', '0000-00-00 00:00:00', 0, 0),
(488, 2, 'R23-6SP-FB-FM09', '6 Sheet', 'static', 31, 'Metro Owned', '', '', '1036800', 'Active', '0000-00-00 00:00:00', '0000-00-00 00:00:00', 0, 0),
(489, 2, 'R23-6SP-FB-FM10', '6 Sheet', 'static', 31, 'Metro Owned', '', '', '1036800', 'Active', '0000-00-00 00:00:00', '0000-00-00 00:00:00', 0, 0),
(490, 2, 'R23-6SP-P-FM11', '6 Sheet', 'static', 31, 'Metro Owned', '', '', '1036800', 'Active', '0000-00-00 00:00:00', '0000-00-00 00:00:00', 0, 0),
(491, 2, 'R23-6SP-P-FM12', '6 Sheet', 'static', 31, 'Metro Owned', '', '', '1036800', 'Active', '0000-00-00 00:00:00', '0000-00-00 00:00:00', 0, 0),
(492, 2, 'R23-6SP-P-FM13', '6 Sheet', 'static', 31, 'Metro Owned', '', '', '1036800', 'Active', '0000-00-00 00:00:00', '0000-00-00 00:00:00', 0, 0),
(493, 2, 'R23-6SP-P-FM14', '6 Sheet', 'static', 31, 'Metro Owned', '', '', '1036800', 'Active', '0000-00-00 00:00:00', '0000-00-00 00:00:00', 0, 0),
(494, 2, 'R23-12SP-C-FM03', '12 Sheet', 'static', 31, 'Metro Owned', '', '', '1036800', 'Active', '0000-00-00 00:00:00', '0000-00-00 00:00:00', 0, 0),
(495, 2, 'R23-12SP-P-FM05', '12 Sheet', 'static', 31, 'Metro Owned', '', '', '1036800', 'Active', '0000-00-00 00:00:00', '0000-00-00 00:00:00', 0, 0),
(496, 2, 'R23-12SP-P-FM06', '12 Sheet', 'static', 31, 'Metro Owned', '', '', '1036800', 'Active', '0000-00-00 00:00:00', '0000-00-00 00:00:00', 0, 0),
(497, 2, 'R23-12SP-P-FM07', '12 Sheet', 'static', 31, 'Metro Owned', '', '', '1036800', 'Active', '0000-00-00 00:00:00', '0000-00-00 00:00:00', 0, 0),
(498, 2, 'R23-12SP-P-FM08', '12 Sheet', 'static', 31, 'Metro Owned', '', '', '1036800', 'Active', '0000-00-00 00:00:00', '0000-00-00 00:00:00', 0, 0),
(499, 2, 'R23-LF-FB-FM01', 'Large Format', 'static', 31, 'Metro Owned', '', '', '1036800', 'Active', '0000-00-00 00:00:00', '0000-00-00 00:00:00', 0, 0),
(500, 2, 'R24-6SCR-EG-FM01', '6 Sheet', 'static', 32, 'Metro Owned', '', '', '1036800', 'Active', '0000-00-00 00:00:00', '0000-00-00 00:00:00', 0, 0),
(501, 2, 'R24-6SCR-EG-FM02', '6 Sheet', 'static', 32, 'Metro Owned', '', '', '1036800', 'Active', '0000-00-00 00:00:00', '0000-00-00 00:00:00', 0, 0),
(502, 2, 'R24-6SCR-EG-FM03', '6 Sheet', 'static', 32, 'Metro Owned', '', '', '1036800', 'Active', '0000-00-00 00:00:00', '0000-00-00 00:00:00', 0, 0),
(503, 2, 'R24-6SCR-EG-FM04', '6 Sheet', 'static', 32, 'Metro Owned', '', '', '1036800', 'Active', '0000-00-00 00:00:00', '0000-00-00 00:00:00', 0, 0),
(504, 2, 'R24-6SCR-P-FM05', '6 Sheet', 'static', 32, 'Metro Owned', '', '', '1036800', 'Active', '0000-00-00 00:00:00', '0000-00-00 00:00:00', 0, 0),
(505, 2, 'R24-6SCR-P-FM06', '6 Sheet', 'static', 32, 'Metro Owned', '', '', '1036800', 'Active', '0000-00-00 00:00:00', '0000-00-00 00:00:00', 0, 0),
(506, 2, 'R24-6SCR-P-FM07', '6 Sheet', 'static', 32, 'Metro Owned', '', '', '1036800', 'Active', '0000-00-00 00:00:00', '0000-00-00 00:00:00', 0, 0),
(507, 2, 'R24-6SCR-P-FM08', '6 Sheet', 'static', 32, 'Metro Owned', '', '', '1036800', 'Active', '0000-00-00 00:00:00', '0000-00-00 00:00:00', 0, 0),
(508, 2, 'R24-6SP-EG-FM01', '6 Sheet', 'static', 32, 'Metro Owned', '', '', '1036800', 'Active', '0000-00-00 00:00:00', '0000-00-00 00:00:00', 0, 0),
(509, 2, 'R24-12SP-C-FM05', '12 Sheet', 'static', 32, 'Metro Owned', '', '', '1036800', 'Active', '0000-00-00 00:00:00', '0000-00-00 00:00:00', 0, 0),
(510, 2, 'R24-12SP-EG-FM01', '12 Sheet', 'static', 32, 'Metro Owned', '', '', '1036800', 'Active', '0000-00-00 00:00:00', '0000-00-00 00:00:00', 0, 0),
(511, 2, 'R24-12SP-EG-FM02', '12 Sheet', 'static', 32, 'Metro Owned', '', '', '1036800', 'Active', '0000-00-00 00:00:00', '0000-00-00 00:00:00', 0, 0),
(512, 2, 'R24-12SP-EG-FM03', '12 Sheet', 'static', 32, 'Metro Owned', '', '', '1036800', 'Active', '0000-00-00 00:00:00', '0000-00-00 00:00:00', 0, 0),
(513, 2, 'R24-12SP-I-FM04', '12 Sheet', 'static', 32, 'Metro Owned', '', '', '1036800', 'Active', '0000-00-00 00:00:00', '0000-00-00 00:00:00', 0, 0),
(514, 2, 'R24-12SP-P-FM09', '12 Sheet', 'static', 32, 'Metro Owned', '', '', '1036800', 'Active', '0000-00-00 00:00:00', '0000-00-00 00:00:00', 0, 0),
(515, 2, 'R24-12SP-P-FM10', '12 Sheet', 'static', 32, 'Metro Owned', '', '', '1036800', 'Active', '0000-00-00 00:00:00', '0000-00-00 00:00:00', 0, 0),
(516, 2, 'R24-12SP-P-FM11', '12 Sheet', 'static', 32, 'Metro Owned', '', '', '1036800', 'Active', '0000-00-00 00:00:00', '0000-00-00 00:00:00', 0, 0),
(517, 2, 'R24-12SP-P-FM12', '12 Sheet', 'static', 32, 'Metro Owned', '', '', '1036800', 'Active', '0000-00-00 00:00:00', '0000-00-00 00:00:00', 0, 0),
(518, 2, 'R24-12SP-P-FM13', '12 Sheet', 'static', 32, 'Metro Owned', '', '', '1036800', 'Active', '0000-00-00 00:00:00', '0000-00-00 00:00:00', 0, 0),
(519, 2, 'R24-12SP-P-FM14', '12 Sheet', 'static', 32, 'Metro Owned', '', '', '1036800', 'Active', '0000-00-00 00:00:00', '0000-00-00 00:00:00', 0, 0),
(520, 2, 'R24-12SP-P-FM15', '12 Sheet', 'static', 32, 'Metro Owned', '', '', '1036800', 'Active', '0000-00-00 00:00:00', '0000-00-00 00:00:00', 0, 0),
(521, 2, 'R24-12SP-P-FM16', '12 Sheet', 'static', 32, 'Metro Owned', '', '', '1036800', 'Active', '0000-00-00 00:00:00', '0000-00-00 00:00:00', 0, 0),
(522, 2, 'R24-LF-FB-FM01', 'Large Format', 'static', 32, 'Metro Owned', '', '', '1036800', 'Active', '0000-00-00 00:00:00', '0000-00-00 00:00:00', 0, 0),
(523, 2, 'R24-LF-FB-FM02', 'Large Format', 'static', 32, 'Metro Owned', '', '', '1036800', 'Active', '0000-00-00 00:00:00', '0000-00-00 00:00:00', 0, 0),
(524, 2, 'R25-6SCR-P-FM01', '6 Sheet', 'static', 33, 'Metro Owned', '', '', '1036800', 'Active', '0000-00-00 00:00:00', '0000-00-00 00:00:00', 0, 0),
(525, 2, 'R25-6SCR-P-FM02', '6 Sheet', 'static', 33, 'Metro Owned', '', '', '1036800', 'Active', '0000-00-00 00:00:00', '0000-00-00 00:00:00', 0, 0),
(526, 2, 'R25-6SCR-P-FM03', '6 Sheet', 'static', 33, 'Metro Owned', '', '', '1036800', 'Active', '0000-00-00 00:00:00', '0000-00-00 00:00:00', 0, 0),
(527, 2, 'R25-6SCR-P-FM04', '6 Sheet', 'static', 33, 'Metro Owned', '', '', '1036800', 'Active', '0000-00-00 00:00:00', '0000-00-00 00:00:00', 0, 0),
(528, 2, 'R25-6SP-EG-FM01', '6 Sheet', 'static', 33, 'Metro Owned', '', '', '1036800', 'Active', '0000-00-00 00:00:00', '0000-00-00 00:00:00', 0, 0),
(529, 2, 'R25-6SP-EG-FM02', '6 Sheet', 'static', 33, 'Metro Owned', '', '', '1036800', 'Active', '0000-00-00 00:00:00', '0000-00-00 00:00:00', 0, 0),
(530, 2, 'R25-6SP-EG-FM03', '6 Sheet', 'static', 33, 'Metro Owned', '', '', '1036800', 'Active', '0000-00-00 00:00:00', '0000-00-00 00:00:00', 0, 0),
(531, 2, 'R25-6SP-EG-FM04', '6 Sheet', 'static', 33, 'Metro Owned', '', '', '1036800', 'Active', '0000-00-00 00:00:00', '0000-00-00 00:00:00', 0, 0),
(532, 2, 'R25-6SP-EG-FM05', '6 Sheet', 'static', 33, 'Metro Owned', '', '', '1036800', 'Active', '0000-00-00 00:00:00', '0000-00-00 00:00:00', 0, 0),
(533, 2, 'R25-6SP-EG-FM06', '6 Sheet', 'static', 33, 'Metro Owned', '', '', '1036800', 'Active', '0000-00-00 00:00:00', '0000-00-00 00:00:00', 0, 0),
(534, 2, 'R25-6SP-EG-FM07', '6 Sheet', 'static', 33, 'Metro Owned', '', '', '1036800', 'Active', '0000-00-00 00:00:00', '0000-00-00 00:00:00', 0, 0),
(535, 2, 'R25-6SP-EG-FM08', '6 Sheet', 'static', 33, 'Metro Owned', '', '', '1036800', 'Active', '0000-00-00 00:00:00', '0000-00-00 00:00:00', 0, 0),
(536, 2, 'R25-6SP-P-FM09', '6 Sheet', 'static', 33, 'Metro Owned', '', '', '1036800', 'Active', '0000-00-00 00:00:00', '0000-00-00 00:00:00', 0, 0),
(537, 2, 'R25-6SP-P-FM10', '6 Sheet', 'static', 33, 'Metro Owned', '', '', '1036800', 'Active', '0000-00-00 00:00:00', '0000-00-00 00:00:00', 0, 0),
(538, 2, 'R25-6SP-P-FM11', '6 Sheet', 'static', 33, 'Metro Owned', '', '', '1036800', 'Active', '0000-00-00 00:00:00', '0000-00-00 00:00:00', 0, 0),
(539, 2, 'R25-6SP-P-FM12', '6 Sheet', 'static', 33, 'Metro Owned', '', '', '1036800', 'Active', '0000-00-00 00:00:00', '0000-00-00 00:00:00', 0, 0),
(540, 2, 'R25-12SD-P-FM02', '12 Sheet', 'static', 33, 'Metro Owned', '', '', '1036800', 'Active', '0000-00-00 00:00:00', '0000-00-00 00:00:00', 0, 0),
(541, 2, 'R25-12SD-P-FM03', '12 Sheet', 'static', 33, 'Metro Owned', '', '', '1036800', 'Active', '0000-00-00 00:00:00', '0000-00-00 00:00:00', 0, 0),
(542, 2, 'R25-LF-FB-FM01', 'Large Format', 'static', 33, 'Metro Owned', '', '', '1036800', 'Active', '0000-00-00 00:00:00', '0000-00-00 00:00:00', 0, 0),
(543, 2, 'R26-6SCR-C-FM01', '6 Sheet', 'static', 34, 'Metro Owned', '', '', '1036800', 'Active', '0000-00-00 00:00:00', '0000-00-00 00:00:00', 0, 0),
(544, 2, 'R26-6SP-C-FM10', '6 Sheet', 'static', 34, 'Metro Owned', '', '', '1036800', 'Active', '0000-00-00 00:00:00', '0000-00-00 00:00:00', 0, 0),
(545, 2, 'R26-6SP-C-FM11', '6 Sheet', 'static', 34, 'Metro Owned', '', '', '1036800', 'Active', '0000-00-00 00:00:00', '0000-00-00 00:00:00', 0, 0),
(546, 2, 'R26-6SP-EG-FM01', '6 Sheet', 'static', 34, 'Metro Owned', '', '', '1036800', 'Active', '0000-00-00 00:00:00', '0000-00-00 00:00:00', 0, 0),
(547, 2, 'R26-6SP-EG-FM03', '6 Sheet', 'static', 34, 'Metro Owned', '', '', '1036800', 'Active', '0000-00-00 00:00:00', '0000-00-00 00:00:00', 0, 0),
(548, 2, 'R26-6SP-P-FM12', '6 Sheet', 'static', 34, 'Metro Owned', '', '', '1036800', 'Active', '0000-00-00 00:00:00', '0000-00-00 00:00:00', 0, 0),
(549, 2, 'R26-6SP-P-FM13', '6 Sheet', 'static', 34, 'Metro Owned', '', '', '1036800', 'Active', '0000-00-00 00:00:00', '0000-00-00 00:00:00', 0, 0),
(550, 2, 'R26-6SP-P-FM14', '6 Sheet', 'static', 34, 'Metro Owned', '', '', '1036800', 'Active', '0000-00-00 00:00:00', '0000-00-00 00:00:00', 0, 0),
(551, 2, 'R26-6SP-P-FM15', '6 Sheet', 'static', 34, 'Metro Owned', '', '', '1036800', 'Active', '0000-00-00 00:00:00', '0000-00-00 00:00:00', 0, 0),
(552, 2, 'R26-12SP-P-FM06', '12 Sheet', 'static', 34, 'Metro Owned', '', '', '1036800', 'Active', '0000-00-00 00:00:00', '0000-00-00 00:00:00', 0, 0),
(553, 2, 'R26-12SP-P-FM07', '12 Sheet', 'static', 34, 'Metro Owned', '', '', '1036800', 'Active', '0000-00-00 00:00:00', '0000-00-00 00:00:00', 0, 0),
(554, 2, 'R26-12SP-P-FM08', '12 Sheet', 'static', 34, 'Metro Owned', '', '', '1036800', 'Active', '0000-00-00 00:00:00', '0000-00-00 00:00:00', 0, 0),
(555, 2, 'R26-12SP-P-FM09', '12 Sheet', 'static', 34, 'Metro Owned', '', '', '1036800', 'Active', '0000-00-00 00:00:00', '0000-00-00 00:00:00', 0, 0),
(556, 2, 'R26-LF-FB-FM01', 'Large Format', 'static', 34, 'Metro Owned', '', '', '1036800', 'Active', '0000-00-00 00:00:00', '0000-00-00 00:00:00', 0, 0),
(557, 2, 'R29-6SP-C-FM05', '6 Sheet', 'static', 35, 'Metro Owned', '', '', '1036800', 'Active', '0000-00-00 00:00:00', '0000-00-00 00:00:00', 0, 0),
(558, 2, 'R29-6SP-C-FM06', '6 Sheet', 'static', 35, 'Metro Owned', '', '', '1036800', 'Active', '0000-00-00 00:00:00', '0000-00-00 00:00:00', 0, 0),
(559, 2, 'R29-6SP-C-FM07', '6 Sheet', 'static', 35, 'Metro Owned', '', '', '1036800', 'Active', '0000-00-00 00:00:00', '0000-00-00 00:00:00', 0, 0),
(560, 2, 'R29-6SP-C-FM08', '6 Sheet', 'static', 35, 'Metro Owned', '', '', '1036800', 'Active', '0000-00-00 00:00:00', '0000-00-00 00:00:00', 0, 0),
(561, 2, 'R29-6SP-C-FM09', '6 Sheet', 'static', 35, 'Metro Owned', '', '', '1036800', 'Active', '0000-00-00 00:00:00', '0000-00-00 00:00:00', 0, 0),
(562, 2, 'R29-6SP-C-FM10', '6 Sheet', 'static', 35, 'Metro Owned', '', '', '1036800', 'Active', '0000-00-00 00:00:00', '0000-00-00 00:00:00', 0, 0),
(563, 2, 'R29-6SP-C-FM11', '6 Sheet', 'static', 35, 'Metro Owned', '', '', '1036800', 'Active', '0000-00-00 00:00:00', '0000-00-00 00:00:00', 0, 0),
(564, 2, 'R29-6SP-C-FM12', '6 Sheet', 'static', 35, 'Metro Owned', '', '', '1036800', 'Active', '0000-00-00 00:00:00', '0000-00-00 00:00:00', 0, 0),
(565, 2, 'R29-6SP-EG-FM01', '6 Sheet', 'static', 35, 'Metro Owned', '', '', '1036800', 'Active', '0000-00-00 00:00:00', '0000-00-00 00:00:00', 0, 0),
(566, 2, 'R29-6SP-EG-FM02', '6 Sheet', 'static', 35, 'Metro Owned', '', '', '1036800', 'Active', '0000-00-00 00:00:00', '0000-00-00 00:00:00', 0, 0),
(567, 2, 'R29-6SP-EG-FM03', '6 Sheet', 'static', 35, 'Metro Owned', '', '', '1036800', 'Active', '0000-00-00 00:00:00', '0000-00-00 00:00:00', 0, 0),
(568, 2, 'R29-6SP-EG-FM04', '6 Sheet', 'static', 35, 'Metro Owned', '', '', '1036800', 'Active', '0000-00-00 00:00:00', '0000-00-00 00:00:00', 0, 0),
(569, 2, 'R29-6SP-P-FM13', '6 Sheet', 'static', 35, 'Metro Owned', '', '', '1036800', 'Active', '0000-00-00 00:00:00', '0000-00-00 00:00:00', 0, 0),
(570, 2, 'R29-6SP-P-FM14', '6 Sheet', 'static', 35, 'Metro Owned', '', '', '1036800', 'Active', '0000-00-00 00:00:00', '0000-00-00 00:00:00', 0, 0),
(571, 2, 'R29-6SP-P-FM15', '6 Sheet', 'static', 35, 'Metro Owned', '', '', '1036800', 'Active', '0000-00-00 00:00:00', '0000-00-00 00:00:00', 0, 0),
(572, 2, 'R29-6SP-P-FM16', '6 Sheet', 'static', 35, 'Metro Owned', '', '', '1036800', 'Active', '0000-00-00 00:00:00', '0000-00-00 00:00:00', 0, 0),
(573, 2, 'R29-12SP-C-FM04', '12 Sheet', 'static', 35, 'Metro Owned', '', '', '1036800', 'Active', '0000-00-00 00:00:00', '0000-00-00 00:00:00', 0, 0),
(574, 2, 'R29-12SP-C-FM06', '12 Sheet', 'static', 35, 'Metro Owned', '', '', '1036800', 'Active', '0000-00-00 00:00:00', '0000-00-00 00:00:00', 0, 0),
(575, 2, 'R29-12SP-FB-FM01', '12 Sheet', 'static', 35, 'Metro Owned', '', '', '1036800', 'Active', '0000-00-00 00:00:00', '0000-00-00 00:00:00', 0, 0),
(576, 2, 'R29-12SP-I-FM02', '12 Sheet', 'static', 35, 'Metro Owned', '', '', '1036800', 'Active', '0000-00-00 00:00:00', '0000-00-00 00:00:00', 0, 0),
(577, 2, 'R29-12SP-P-FM07', '12 Sheet', 'static', 35, 'Metro Owned', '', '', '1036800', 'Active', '0000-00-00 00:00:00', '0000-00-00 00:00:00', 0, 0),
(578, 2, 'R29-12SP-P-FM08', '12 Sheet', 'static', 35, 'Metro Owned', '', '', '1036800', 'Active', '0000-00-00 00:00:00', '0000-00-00 00:00:00', 0, 0),
(579, 2, 'R29-12SP-P-FM09', '12 Sheet', 'static', 35, 'Metro Owned', '', '', '1036800', 'Active', '0000-00-00 00:00:00', '0000-00-00 00:00:00', 0, 0),
(580, 2, 'R29-12SP-P-FM10', '12 Sheet', 'static', 35, 'Metro Owned', '', '', '1036800', 'Active', '0000-00-00 00:00:00', '0000-00-00 00:00:00', 0, 0),
(581, 2, 'R29-LF-FB-FM01', 'Large Format', 'static', 35, 'Metro Owned', '', '', '1036800', 'Active', '0000-00-00 00:00:00', '0000-00-00 00:00:00', 0, 0),
(582, 2, 'R31-6SP-C-FM07', '6 Sheet', 'static', 36, 'Metro Owned', '', '', '1036800', 'Active', '0000-00-00 00:00:00', '0000-00-00 00:00:00', 0, 0),
(583, 2, 'R31-6SP-C-FM09', '6 Sheet', 'static', 36, 'Metro Owned', '', '', '1036800', 'Active', '0000-00-00 00:00:00', '0000-00-00 00:00:00', 0, 0),
(584, 2, 'R31-6SP-C-FM10', '6 Sheet', 'static', 36, 'Metro Owned', '', '', '1036800', 'Active', '0000-00-00 00:00:00', '0000-00-00 00:00:00', 0, 0),
(585, 2, 'R31-6SP-EG-FM01', '6 Sheet', 'static', 36, 'Metro Owned', '', '', '1036800', 'Active', '0000-00-00 00:00:00', '0000-00-00 00:00:00', 0, 0),
(586, 2, 'R31-6SP-EG-FM03', '6 Sheet', 'static', 36, 'Metro Owned', '', '', '1036800', 'Active', '0000-00-00 00:00:00', '0000-00-00 00:00:00', 0, 0),
(587, 2, 'R31-6SP-P-FM12', '6 Sheet', 'static', 36, 'Metro Owned', '', '', '1036800', 'Active', '0000-00-00 00:00:00', '0000-00-00 00:00:00', 0, 0),
(588, 2, 'R31-6SP-P-FM13', '6 Sheet', 'static', 36, 'Metro Owned', '', '', '1036800', 'Active', '0000-00-00 00:00:00', '0000-00-00 00:00:00', 0, 0),
(589, 2, 'R31-6SP-P-FM14', '6 Sheet', 'static', 36, 'Metro Owned', '', '', '1036800', 'Active', '0000-00-00 00:00:00', '0000-00-00 00:00:00', 0, 0),
(590, 2, 'R31-6SP-P-FM15', '6 Sheet', 'static', 36, 'Metro Owned', '', '', '1036800', 'Active', '0000-00-00 00:00:00', '0000-00-00 00:00:00', 0, 0),
(591, 2, 'R31-12SP-P-FM08', '12 Sheet', 'static', 36, 'Metro Owned', '', '', '1036800', 'Active', '0000-00-00 00:00:00', '0000-00-00 00:00:00', 0, 0),
(592, 2, 'R31-12SP-P-FM09', '12 Sheet', 'static', 36, 'Metro Owned', '', '', '1036800', 'Active', '0000-00-00 00:00:00', '0000-00-00 00:00:00', 0, 0),
(593, 2, 'R31-12SP-P-FM10', '12 Sheet', 'static', 36, 'Metro Owned', '', '', '1036800', 'Active', '0000-00-00 00:00:00', '0000-00-00 00:00:00', 0, 0),
(594, 2, 'R31-12SP-P-FM11', '12 Sheet', 'static', 36, 'Metro Owned', '', '', '1036800', 'Active', '0000-00-00 00:00:00', '0000-00-00 00:00:00', 0, 0),
(595, 2, 'R32-6SCR-EG-FM01', '6 Sheet', 'static', 37, 'Metro Owned', '', '', '1036800', 'Active', '0000-00-00 00:00:00', '0000-00-00 00:00:00', 0, 0),
(596, 2, 'R32-6SCR-EG-FM02', '6 Sheet', 'static', 37, 'Metro Owned', '', '', '1036800', 'Active', '0000-00-00 00:00:00', '0000-00-00 00:00:00', 0, 0),
(597, 2, 'R32-6SCR-P-FM03', '6 Sheet', 'static', 37, 'Metro Owned', '', '', '1036800', 'Active', '0000-00-00 00:00:00', '0000-00-00 00:00:00', 0, 0),
(598, 2, 'R32-6SCR-P-FM04', '6 Sheet', 'static', 37, 'Metro Owned', '', '', '1036800', 'Active', '0000-00-00 00:00:00', '0000-00-00 00:00:00', 0, 0),
(599, 2, 'R32-6SCR-P-FM05', '6 Sheet', 'static', 37, 'Metro Owned', '', '', '1036800', 'Active', '0000-00-00 00:00:00', '0000-00-00 00:00:00', 0, 0),
(600, 2, 'R32-6SCR-P-FM06', '6 Sheet', 'static', 37, 'Metro Owned', '', '', '1036800', 'Active', '0000-00-00 00:00:00', '0000-00-00 00:00:00', 0, 0),
(601, 2, 'R32-6SP-P-FM07', '6 Sheet', 'static', 37, 'Metro Owned', '', '', '1036800', 'Active', '0000-00-00 00:00:00', '0000-00-00 00:00:00', 0, 0),
(602, 2, 'R32-6SP-P-FM08', '6 Sheet', 'static', 37, 'Metro Owned', '', '', '1036800', 'Active', '0000-00-00 00:00:00', '0000-00-00 00:00:00', 0, 0),
(603, 2, 'R32-6SP-P-FM09', '6 Sheet', 'static', 37, 'Metro Owned', '', '', '1036800', 'Active', '0000-00-00 00:00:00', '0000-00-00 00:00:00', 0, 0),
(604, 2, 'R32-6SP-P-FM10', '6 Sheet', 'static', 37, 'Metro Owned', '', '', '1036800', 'Active', '0000-00-00 00:00:00', '0000-00-00 00:00:00', 0, 0),
(605, 2, 'R32-12SP-P-FM12', '12 Sheet', 'static', 37, 'Metro Owned', '', '', '1036800', 'Active', '0000-00-00 00:00:00', '0000-00-00 00:00:00', 0, 0),
(606, 2, 'R32-12SP-P-FM13', '12 Sheet', 'static', 37, 'Metro Owned', '', '', '1036800', 'Active', '0000-00-00 00:00:00', '0000-00-00 00:00:00', 0, 0),
(607, 2, 'R32-12SP-P-FM16', '12 Sheet', 'static', 37, 'Metro Owned', '', '', '1036800', 'Active', '0000-00-00 00:00:00', '0000-00-00 00:00:00', 0, 0),
(608, 2, 'R32-12SP-P-FM17', '12 Sheet', 'static', 37, 'Metro Owned', '', '', '1036800', 'Active', '0000-00-00 00:00:00', '0000-00-00 00:00:00', 0, 0),
(609, 2, 'R32-LF-FB-FM03', 'Large Format', 'static', 37, 'Metro Owned', '', '', '1036800', 'Active', '0000-00-00 00:00:00', '0000-00-00 00:00:00', 0, 0),
(610, 2, 'R32-LF-FB-FM04', 'Large Format', 'static', 37, 'Metro Owned', '', '', '1036800', 'Active', '0000-00-00 00:00:00', '0000-00-00 00:00:00', 0, 0),
(611, 2, 'R33-6SCR-C-FM01', '6 Sheet', 'static', 38, 'Metro Owned', '', '', '1036800', 'Active', '0000-00-00 00:00:00', '0000-00-00 00:00:00', 0, 0),
(612, 2, 'R33-6SP-C-FM08', '6 Sheet', 'static', 38, 'Metro Owned', '', '', '1036800', 'Active', '0000-00-00 00:00:00', '0000-00-00 00:00:00', 0, 0),
(613, 2, 'R33-6SP-C-FM09', '6 Sheet', 'static', 38, 'Metro Owned', '', '', '1036800', 'Active', '0000-00-00 00:00:00', '0000-00-00 00:00:00', 0, 0),
(614, 2, 'R33-6SP-EG-FM01', '6 Sheet', 'static', 38, 'Metro Owned', '', '', '1036800', 'Active', '0000-00-00 00:00:00', '0000-00-00 00:00:00', 0, 0),
(615, 2, 'R33-6SP-EG-FM03', '6 Sheet', 'static', 38, 'Metro Owned', '', '', '1036800', 'Active', '0000-00-00 00:00:00', '0000-00-00 00:00:00', 0, 0),
(616, 2, 'R33-6SP-P-FM10', '6 Sheet', 'static', 38, 'Metro Owned', '', '', '1036800', 'Active', '0000-00-00 00:00:00', '0000-00-00 00:00:00', 0, 0),
(617, 2, 'R33-6SP-P-FM11', '6 Sheet', 'static', 38, 'Metro Owned', '', '', '1036800', 'Active', '0000-00-00 00:00:00', '0000-00-00 00:00:00', 0, 0),
(618, 2, 'R33-6SP-P-FM12', '6 Sheet', 'static', 38, 'Metro Owned', '', '', '1036800', 'Active', '0000-00-00 00:00:00', '0000-00-00 00:00:00', 0, 0),
(619, 2, 'R33-6SP-P-FM13', '6 Sheet', 'static', 38, 'Metro Owned', '', '', '1036800', 'Active', '0000-00-00 00:00:00', '0000-00-00 00:00:00', 0, 0),
(620, 2, 'R33-12SP-P-FM06', '12 Sheet', 'static', 38, 'Metro Owned', '', '', '1036800', 'Active', '0000-00-00 00:00:00', '0000-00-00 00:00:00', 0, 0),
(621, 2, 'R33-12SP-P-FM07', '12 Sheet', 'static', 38, 'Metro Owned', '', '', '1036800', 'Active', '0000-00-00 00:00:00', '0000-00-00 00:00:00', 0, 0),
(622, 2, 'R33-12SP-P-FM08', '12 Sheet', 'static', 38, 'Metro Owned', '', '', '1036800', 'Active', '0000-00-00 00:00:00', '0000-00-00 00:00:00', 0, 0),
(623, 2, 'R33-12SP-P-FM09', '12 Sheet', 'static', 38, 'Metro Owned', '', '', '1036800', 'Active', '0000-00-00 00:00:00', '0000-00-00 00:00:00', 0, 0),
(624, 2, 'R34-6SCR-P-FM02', '6 Sheet', 'static', 39, 'Metro Owned', '', '', '1036800', 'Active', '0000-00-00 00:00:00', '0000-00-00 00:00:00', 0, 0),
(625, 2, 'R34-6SCR-P-FM03', '6 Sheet', 'static', 39, 'Metro Owned', '', '', '1036800', 'Active', '0000-00-00 00:00:00', '0000-00-00 00:00:00', 0, 0),
(626, 2, 'R34-6SCR-P-FM04', '6 Sheet', 'static', 39, 'Metro Owned', '', '', '1036800', 'Active', '0000-00-00 00:00:00', '0000-00-00 00:00:00', 0, 0),
(627, 2, 'R34-6SP-EG-FM01', '6 Sheet', 'static', 39, 'Metro Owned', '', '', '1036800', 'Active', '0000-00-00 00:00:00', '0000-00-00 00:00:00', 0, 0),
(628, 2, 'R34-6SP-EG-FM02', '6 Sheet', 'static', 39, 'Metro Owned', '', '', '1036800', 'Active', '0000-00-00 00:00:00', '0000-00-00 00:00:00', 0, 0),
(629, 2, 'R34-6SP-EG-FM03', '6 Sheet', 'static', 39, 'Metro Owned', '', '', '1036800', 'Active', '0000-00-00 00:00:00', '0000-00-00 00:00:00', 0, 0),
(630, 2, 'R34-6SP-EG-FM04', '6 Sheet', 'static', 39, 'Metro Owned', '', '', '1036800', 'Active', '0000-00-00 00:00:00', '0000-00-00 00:00:00', 0, 0),
(631, 2, 'R34-6SP-EG-FM07', '6 Sheet', 'static', 39, 'Metro Owned', '', '', '1036800', 'Active', '0000-00-00 00:00:00', '0000-00-00 00:00:00', 0, 0),
(632, 2, 'R34-6SP-EG-FM08', '6 Sheet', 'static', 39, 'Metro Owned', '', '', '1036800', 'Active', '0000-00-00 00:00:00', '0000-00-00 00:00:00', 0, 0),
(633, 2, 'R34-6SP-EG-FM09', '6 Sheet', 'static', 39, 'Metro Owned', '', '', '1036800', 'Active', '0000-00-00 00:00:00', '0000-00-00 00:00:00', 0, 0),
(634, 2, 'R34-6SP-EG-FM10', '6 Sheet', 'static', 39, 'Metro Owned', '', '', '1036800', 'Active', '0000-00-00 00:00:00', '0000-00-00 00:00:00', 0, 0),
(635, 2, 'R34-6SP-FB-FM05', '6 Sheet', 'static', 39, 'Metro Owned', '', '', '1036800', 'Active', '0000-00-00 00:00:00', '0000-00-00 00:00:00', 0, 0),
(636, 2, 'R34-6SP-FB-FM06', '6 Sheet', 'static', 39, 'Metro Owned', '', '', '1036800', 'Active', '0000-00-00 00:00:00', '0000-00-00 00:00:00', 0, 0),
(637, 2, 'R34-6SP-P-FM11', '6 Sheet', 'static', 39, 'Metro Owned', '', '', '1036800', 'Active', '0000-00-00 00:00:00', '0000-00-00 00:00:00', 0, 0),
(638, 2, 'R34-6SP-P-FM12', '6 Sheet', 'static', 39, 'Metro Owned', '', '', '1036800', 'Active', '0000-00-00 00:00:00', '0000-00-00 00:00:00', 0, 0),
(639, 2, 'R34-6SP-P-FM13', '6 Sheet', 'static', 39, 'Metro Owned', '', '', '1036800', 'Active', '0000-00-00 00:00:00', '0000-00-00 00:00:00', 0, 0),
(640, 2, 'R34-6SP-P-FM14', '6 Sheet', 'static', 39, 'Metro Owned', '', '', '1036800', 'Active', '0000-00-00 00:00:00', '0000-00-00 00:00:00', 0, 0),
(641, 2, 'R34-12SP-C-FM03', '12 Sheet', 'static', 39, 'Metro Owned', '', '', '1036800', 'Active', '0000-00-00 00:00:00', '0000-00-00 00:00:00', 0, 0),
(642, 2, 'R34-12SP-P-FM05', '12 Sheet', 'static', 39, 'Metro Owned', '', '', '1036800', 'Active', '0000-00-00 00:00:00', '0000-00-00 00:00:00', 0, 0),
(643, 2, 'R34-12SP-P-FM06', '12 Sheet', 'static', 39, 'Metro Owned', '', '', '1036800', 'Active', '0000-00-00 00:00:00', '0000-00-00 00:00:00', 0, 0),
(644, 2, 'R34-12SP-P-FM07', '12 Sheet', 'static', 39, 'Metro Owned', '', '', '1036800', 'Active', '0000-00-00 00:00:00', '0000-00-00 00:00:00', 0, 0),
(645, 2, 'R34-12SP-P-FM08', '12 Sheet', 'static', 39, 'Metro Owned', '', '', '1036800', 'Active', '0000-00-00 00:00:00', '0000-00-00 00:00:00', 0, 0),
(646, 2, 'R34-LF-FB-FM01', 'Large Format', 'static', 39, 'Metro Owned', '', '', '1036800', 'Active', '0000-00-00 00:00:00', '0000-00-00 00:00:00', 0, 0),
(647, 2, 'R35-6SP-C-FM09', '6 Sheet', 'static', 40, 'Metro Owned', '', '', '1036800', 'Active', '0000-00-00 00:00:00', '0000-00-00 00:00:00', 0, 0),
(648, 2, 'R35-6SP-C-FM11', '6 Sheet', 'static', 40, 'Metro Owned', '', '', '1036800', 'Active', '0000-00-00 00:00:00', '0000-00-00 00:00:00', 0, 0),
(649, 2, 'R35-6SP-EG-FM01', '6 Sheet', 'static', 40, 'Metro Owned', '', '', '1036800', 'Active', '0000-00-00 00:00:00', '0000-00-00 00:00:00', 0, 0),
(650, 2, 'R35-6SP-EG-FM02', '6 Sheet', 'static', 40, 'Metro Owned', '', '', '1036800', 'Active', '0000-00-00 00:00:00', '0000-00-00 00:00:00', 0, 0),
(651, 2, 'R35-6SP-EG-FM04', '6 Sheet', 'static', 40, 'Metro Owned', '', '', '1036800', 'Active', '0000-00-00 00:00:00', '0000-00-00 00:00:00', 0, 0),
(652, 2, 'R35-6SP-EG-FM06', '6 Sheet', 'static', 40, 'Metro Owned', '', '', '1036800', 'Active', '0000-00-00 00:00:00', '0000-00-00 00:00:00', 0, 0),
(653, 2, 'R35-6SP-P-FM13', '6 Sheet', 'static', 40, 'Metro Owned', '', '', '1036800', 'Active', '0000-00-00 00:00:00', '0000-00-00 00:00:00', 0, 0),
(654, 2, 'R35-6SP-P-FM14', '6 Sheet', 'static', 40, 'Metro Owned', '', '', '1036800', 'Active', '0000-00-00 00:00:00', '0000-00-00 00:00:00', 0, 0),
(655, 2, 'R35-6SP-P-FM15', '6 Sheet', 'static', 40, 'Metro Owned', '', '', '1036800', 'Active', '0000-00-00 00:00:00', '0000-00-00 00:00:00', 0, 0),
(656, 2, 'R35-6SP-P-FM16', '6 Sheet', 'static', 40, 'Metro Owned', '', '', '1036800', 'Active', '0000-00-00 00:00:00', '0000-00-00 00:00:00', 0, 0),
(657, 2, 'R35-6SP-P-FM17', '6 Sheet', 'static', 40, 'Metro Owned', '', '', '1036800', 'Active', '0000-00-00 00:00:00', '0000-00-00 00:00:00', 0, 0),
(658, 2, 'R35-6SP-P-FM18', '6 Sheet', 'static', 40, 'Metro Owned', '', '', '1036800', 'Active', '0000-00-00 00:00:00', '0000-00-00 00:00:00', 0, 0),
(659, 2, 'R35-6SP-P-FM19', '6 Sheet', 'static', 40, 'Metro Owned', '', '', '1036800', 'Active', '0000-00-00 00:00:00', '0000-00-00 00:00:00', 0, 0),
(660, 2, 'R35-6SP-P-FM20', '6 Sheet', 'static', 40, 'Metro Owned', '', '', '1036800', 'Active', '0000-00-00 00:00:00', '0000-00-00 00:00:00', 0, 0),
(661, 2, 'R35-12SP-C-FM04', '12 Sheet', 'static', 40, 'Metro Owned', '', '', '1036800', 'Active', '0000-00-00 00:00:00', '0000-00-00 00:00:00', 0, 0),
(662, 2, 'R35-12SP-C-FM06', '12 Sheet', 'static', 40, 'Metro Owned', '', '', '1036800', 'Active', '0000-00-00 00:00:00', '0000-00-00 00:00:00', 0, 0),
(663, 2, 'R35-12SP-P-FM09', '12 Sheet', 'static', 40, 'Metro Owned', '', '', '1036800', 'Active', '0000-00-00 00:00:00', '0000-00-00 00:00:00', 0, 0),
(664, 2, 'R35-12SP-P-FM10', '12 Sheet', 'static', 40, 'Metro Owned', '', '', '1036800', 'Active', '0000-00-00 00:00:00', '0000-00-00 00:00:00', 0, 0),
(665, 2, 'R35-12SP-P-FM11', '12 Sheet', 'static', 40, 'Metro Owned', '', '', '1036800', 'Active', '0000-00-00 00:00:00', '0000-00-00 00:00:00', 0, 0),
(666, 2, 'R35-12SP-P-FM12', '12 Sheet', 'static', 40, 'Metro Owned', '', '', '1036800', 'Active', '0000-00-00 00:00:00', '0000-00-00 00:00:00', 0, 0),
(667, 2, 'R35-LF-FB-FM01', 'Large Format', 'static', 40, 'Metro Owned', '', '', '1036800', 'Active', '0000-00-00 00:00:00', '0000-00-00 00:00:00', 0, 0),
(668, 2, 'R35-LF-FB-FM02', 'Large Format', 'static', 40, 'Metro Owned', '', '', '1036800', 'Active', '0000-00-00 00:00:00', '0000-00-00 00:00:00', 0, 0),
(669, 2, 'R36-6SCR-P-FM01', '6 Sheet', 'static', 41, 'Metro Owned', '', '', '1036800', 'Active', '0000-00-00 00:00:00', '0000-00-00 00:00:00', 0, 0),
(670, 2, 'R36-6SCR-P-FM02', '6 Sheet', 'static', 41, 'Metro Owned', '', '', '1036800', 'Active', '0000-00-00 00:00:00', '0000-00-00 00:00:00', 0, 0),
(671, 2, 'R36-6SCR-P-FM03', '6 Sheet', 'static', 41, 'Metro Owned', '', '', '1036800', 'Active', '0000-00-00 00:00:00', '0000-00-00 00:00:00', 0, 0),
(672, 2, 'R36-6SCR-P-FM04', '6 Sheet', 'static', 41, 'Metro Owned', '', '', '1036800', 'Active', '0000-00-00 00:00:00', '0000-00-00 00:00:00', 0, 0),
(673, 2, 'R36-6SP-EG-FM01', '6 Sheet', 'static', 41, 'Metro Owned', '', '', '1036800', 'Active', '0000-00-00 00:00:00', '0000-00-00 00:00:00', 0, 0);
INSERT INTO `assets` (`id`, `department_id`, `ref_no`, `name`, `type`, `location_id`, `owned_by`, `asset_photo`, `description`, `installation_time`, `status`, `created_at`, `updated_at`, `created_by`, `updated_by`) VALUES
(674, 2, 'R36-6SP-EG-FM02', '6 Sheet', 'static', 41, 'Metro Owned', '', '', '1036800', 'Active', '0000-00-00 00:00:00', '0000-00-00 00:00:00', 0, 0),
(675, 2, 'R36-6SP-EG-FM03', '6 Sheet', 'static', 41, 'Metro Owned', '', '', '1036800', 'Active', '0000-00-00 00:00:00', '0000-00-00 00:00:00', 0, 0),
(676, 2, 'R36-6SP-EG-FM04', '6 Sheet', 'static', 41, 'Metro Owned', '', '', '1036800', 'Active', '0000-00-00 00:00:00', '0000-00-00 00:00:00', 0, 0),
(677, 2, 'R36-6SP-EG-FM07', '6 Sheet', 'static', 41, 'Metro Owned', '', '', '1036800', 'Active', '0000-00-00 00:00:00', '0000-00-00 00:00:00', 0, 0),
(678, 2, 'R36-6SP-EG-FM08', '6 Sheet', 'static', 41, 'Metro Owned', '', '', '1036800', 'Active', '0000-00-00 00:00:00', '0000-00-00 00:00:00', 0, 0),
(679, 2, 'R36-6SP-EG-FM09', '6 Sheet', 'static', 41, 'Metro Owned', '', '', '1036800', 'Active', '0000-00-00 00:00:00', '0000-00-00 00:00:00', 0, 0),
(680, 2, 'R36-6SP-EG-FM10', '6 Sheet', 'static', 41, 'Metro Owned', '', '', '1036800', 'Active', '0000-00-00 00:00:00', '0000-00-00 00:00:00', 0, 0),
(681, 2, 'R36-6SP-FB-FM05', '6 Sheet', 'static', 41, 'Metro Owned', '', '', '1036800', 'Active', '0000-00-00 00:00:00', '0000-00-00 00:00:00', 0, 0),
(682, 2, 'R36-6SP-FB-FM06', '6 Sheet', 'static', 41, 'Metro Owned', '', '', '1036800', 'Active', '0000-00-00 00:00:00', '0000-00-00 00:00:00', 0, 0),
(683, 2, 'R36-6SP-P-FM11', '6 Sheet', 'static', 41, 'Metro Owned', '', '', '1036800', 'Active', '0000-00-00 00:00:00', '0000-00-00 00:00:00', 0, 0),
(684, 2, 'R36-6SP-P-FM12', '6 Sheet', 'static', 41, 'Metro Owned', '', '', '1036800', 'Active', '0000-00-00 00:00:00', '0000-00-00 00:00:00', 0, 0),
(685, 2, 'R36-6SP-P-FM13', '6 Sheet', 'static', 41, 'Metro Owned', '', '', '1036800', 'Active', '0000-00-00 00:00:00', '0000-00-00 00:00:00', 0, 0),
(686, 2, 'R36-6SP-P-FM14', '6 Sheet', 'static', 41, 'Metro Owned', '', '', '1036800', 'Active', '0000-00-00 00:00:00', '0000-00-00 00:00:00', 0, 0),
(687, 2, 'R36-12SP-C-FM05', '12 Sheet', 'static', 41, 'Metro Owned', '', '', '1036800', 'Active', '0000-00-00 00:00:00', '0000-00-00 00:00:00', 0, 0),
(688, 2, 'R36-12SP-C-FM07', '12 Sheet', 'static', 41, 'Metro Owned', '', '', '1036800', 'Active', '0000-00-00 00:00:00', '0000-00-00 00:00:00', 0, 0),
(689, 2, 'R36-12SP-P-FM09', '12 Sheet', 'static', 41, 'Metro Owned', '', '', '1036800', 'Active', '0000-00-00 00:00:00', '0000-00-00 00:00:00', 0, 0),
(690, 2, 'R36-12SP-P-FM10', '12 Sheet', 'static', 41, 'Metro Owned', '', '', '1036800', 'Active', '0000-00-00 00:00:00', '0000-00-00 00:00:00', 0, 0),
(691, 2, 'R36-12SP-P-FM11', '12 Sheet', 'static', 41, 'Metro Owned', '', '', '1036800', 'Active', '0000-00-00 00:00:00', '0000-00-00 00:00:00', 0, 0),
(692, 2, 'R36-12SP-P-FM12', '12 Sheet', 'static', 41, 'Metro Owned', '', '', '1036800', 'Active', '0000-00-00 00:00:00', '0000-00-00 00:00:00', 0, 0),
(693, 2, 'R36-LF-FB-FM01', 'Large Format', 'static', 41, 'Metro Owned', '', '', '1036800', 'Active', '0000-00-00 00:00:00', '0000-00-00 00:00:00', 0, 0),
(694, 2, 'R36-LF-FB-FM02', 'Large Format', 'static', 41, 'Metro Owned', '', '', '1036800', 'Active', '0000-00-00 00:00:00', '0000-00-00 00:00:00', 0, 0),
(695, 2, 'R37-6SCR-P-FM01', '6 Sheet', 'static', 42, 'Metro Owned', '', '', '1036800', 'Active', '0000-00-00 00:00:00', '0000-00-00 00:00:00', 0, 0),
(696, 2, 'R37-6SCR-P-FM02', '6 Sheet', 'static', 42, 'Metro Owned', '', '', '1036800', 'Active', '0000-00-00 00:00:00', '0000-00-00 00:00:00', 0, 0),
(697, 2, 'R37-6SCR-P-FM03', '6 Sheet', 'static', 42, 'Metro Owned', '', '', '1036800', 'Active', '0000-00-00 00:00:00', '0000-00-00 00:00:00', 0, 0),
(698, 2, 'R37-6SCR-P-FM04', '6 Sheet', 'static', 42, 'Metro Owned', '', '', '1036800', 'Active', '0000-00-00 00:00:00', '0000-00-00 00:00:00', 0, 0),
(699, 2, 'R37-6SP-EG-FM01', '6 Sheet', 'static', 42, 'Metro Owned', '', '', '1036800', 'Active', '0000-00-00 00:00:00', '0000-00-00 00:00:00', 0, 0),
(700, 2, 'R37-6SP-EG-FM03', '6 Sheet', 'static', 42, 'Metro Owned', '', '', '1036800', 'Active', '0000-00-00 00:00:00', '0000-00-00 00:00:00', 0, 0),
(701, 2, 'R37-6SP-EG-FM07', '6 Sheet', 'static', 42, 'Metro Owned', '', '', '1036800', 'Active', '0000-00-00 00:00:00', '0000-00-00 00:00:00', 0, 0),
(702, 2, 'R37-6SP-EG-FM09', '6 Sheet', 'static', 42, 'Metro Owned', '', '', '1036800', 'Active', '0000-00-00 00:00:00', '0000-00-00 00:00:00', 0, 0),
(703, 2, 'R37-6SP-EG-FM13', '6 Sheet', 'static', 42, 'Metro Owned', '', '', '1036800', 'Active', '0000-00-00 00:00:00', '0000-00-00 00:00:00', 0, 0),
(704, 2, 'R37-6SP-EG-FM14', '6 Sheet', 'static', 42, 'Metro Owned', '', '', '1036800', 'Active', '0000-00-00 00:00:00', '0000-00-00 00:00:00', 0, 0),
(705, 2, 'R37-12SP-P-FM08', '12 Sheet', 'static', 42, 'Metro Owned', '', '', '1036800', 'Active', '0000-00-00 00:00:00', '0000-00-00 00:00:00', 0, 0),
(706, 2, 'R37-12SP-P-FM09', '12 Sheet', 'static', 42, 'Metro Owned', '', '', '1036800', 'Active', '0000-00-00 00:00:00', '0000-00-00 00:00:00', 0, 0),
(707, 2, 'R37-12SP-P-FM10', '12 Sheet', 'static', 42, 'Metro Owned', '', '', '1036800', 'Active', '0000-00-00 00:00:00', '0000-00-00 00:00:00', 0, 0),
(708, 2, 'R37-12SP-P-FM11', '12 Sheet', 'static', 42, 'Metro Owned', '', '', '1036800', 'Active', '0000-00-00 00:00:00', '0000-00-00 00:00:00', 0, 0),
(709, 2, 'R37-LF-FB-FM01', 'Large Format', 'static', 42, 'Metro Owned', '', '', '1036800', 'Active', '0000-00-00 00:00:00', '0000-00-00 00:00:00', 0, 0),
(710, 2, 'R37-LF-FB-FM02', 'Large Format', 'static', 42, 'Metro Owned', '', '', '1036800', 'Active', '0000-00-00 00:00:00', '0000-00-00 00:00:00', 0, 0),
(711, 2, 'R38-12SP-C-FM07', '12 Sheet', 'static', 43, 'Metro Owned', '', '', '1036800', 'Active', '0000-00-00 00:00:00', '0000-00-00 00:00:00', 0, 0),
(712, 2, 'R38-12SP-P-FM11', '12 Sheet', 'static', 43, 'Metro Owned', '', '', '1036800', 'Active', '0000-00-00 00:00:00', '0000-00-00 00:00:00', 0, 0),
(713, 2, 'R38-12SP-P-FM15', '12 Sheet', 'static', 43, 'Metro Owned', '', '', '1036800', 'Active', '0000-00-00 00:00:00', '0000-00-00 00:00:00', 0, 0),
(714, 2, 'R38-12SP-P-FM12', '12 Sheet', 'static', 43, 'Metro Owned', '', '', '1036800', 'Active', '0000-00-00 00:00:00', '0000-00-00 00:00:00', 0, 0),
(715, 2, 'R38-12SP-P-FM16', '12 Sheet', 'static', 43, 'Metro Owned', '', '', '1036800', 'Active', '0000-00-00 00:00:00', '0000-00-00 00:00:00', 0, 0),
(716, 2, 'R39-6SCR-C-FM01', '6 Sheet', 'static', 44, 'Metro Owned', '', '', '1036800', 'Active', '0000-00-00 00:00:00', '0000-00-00 00:00:00', 0, 0),
(717, 2, 'R39-6SP-C-FM07', '6 Sheet', 'static', 44, 'Metro Owned', '', '', '1036800', 'Active', '0000-00-00 00:00:00', '0000-00-00 00:00:00', 0, 0),
(718, 2, 'R39-6SP-C-FM08', '6 Sheet', 'static', 44, 'Metro Owned', '', '', '1036800', 'Active', '0000-00-00 00:00:00', '0000-00-00 00:00:00', 0, 0),
(719, 2, 'R39-6SP-C-FM09', '6 Sheet', 'static', 44, 'Metro Owned', '', '', '1036800', 'Active', '0000-00-00 00:00:00', '0000-00-00 00:00:00', 0, 0),
(720, 2, 'R39-6SP-EG-FM01', '6 Sheet', 'static', 44, 'Metro Owned', '', '', '1036800', 'Active', '0000-00-00 00:00:00', '0000-00-00 00:00:00', 0, 0),
(721, 2, 'R39-6SP-EG-FM02', '6 Sheet', 'static', 44, 'Metro Owned', '', '', '1036800', 'Active', '0000-00-00 00:00:00', '0000-00-00 00:00:00', 0, 0),
(722, 2, 'R39-6SP-EG-FM03', '6 Sheet', 'static', 44, 'Metro Owned', '', '', '1036800', 'Active', '0000-00-00 00:00:00', '0000-00-00 00:00:00', 0, 0),
(723, 2, 'R39-6SP-EG-FM04', '6 Sheet', 'static', 44, 'Metro Owned', '', '', '1036800', 'Active', '0000-00-00 00:00:00', '0000-00-00 00:00:00', 0, 0),
(724, 2, 'R39-6SP-P-FM10', '6 Sheet', 'static', 44, 'Metro Owned', '', '', '1036800', 'Active', '0000-00-00 00:00:00', '0000-00-00 00:00:00', 0, 0),
(725, 2, 'R39-6SP-P-FM11', '6 Sheet', 'static', 44, 'Metro Owned', '', '', '1036800', 'Active', '0000-00-00 00:00:00', '0000-00-00 00:00:00', 0, 0),
(726, 2, 'R39-6SP-P-FM12', '6 Sheet', 'static', 44, 'Metro Owned', '', '', '1036800', 'Active', '0000-00-00 00:00:00', '0000-00-00 00:00:00', 0, 0),
(727, 2, 'R39-6SP-P-FM13', '6 Sheet', 'static', 44, 'Metro Owned', '', '', '1036800', 'Active', '0000-00-00 00:00:00', '0000-00-00 00:00:00', 0, 0),
(728, 2, 'R39-12SP-C-FM03', '12 Sheet', 'static', 44, 'Metro Owned', '', '', '1036800', 'Active', '0000-00-00 00:00:00', '0000-00-00 00:00:00', 0, 0),
(729, 2, 'R39-12SP-C-FM05', '12 Sheet', 'static', 44, 'Metro Owned', '', '', '1036800', 'Active', '0000-00-00 00:00:00', '0000-00-00 00:00:00', 0, 0),
(730, 2, 'R39-12SP-FB-FM01', '12 Sheet', 'static', 44, 'Metro Owned', '', '', '1036800', 'Active', '0000-00-00 00:00:00', '0000-00-00 00:00:00', 0, 0),
(731, 2, 'R39-12SP-P-FM06', '12 Sheet', 'static', 44, 'Metro Owned', '', '', '1036800', 'Active', '0000-00-00 00:00:00', '0000-00-00 00:00:00', 0, 0),
(732, 2, 'R39-12SP-P-FM07', '12 Sheet', 'static', 44, 'Metro Owned', '', '', '1036800', 'Active', '0000-00-00 00:00:00', '0000-00-00 00:00:00', 0, 0),
(733, 2, 'R39-12SP-P-FM08', '12 Sheet', 'static', 44, 'Metro Owned', '', '', '1036800', 'Active', '0000-00-00 00:00:00', '0000-00-00 00:00:00', 0, 0),
(734, 2, 'R39-12SP-P-FM09', '12 Sheet', 'static', 44, 'Metro Owned', '', '', '1036800', 'Active', '0000-00-00 00:00:00', '0000-00-00 00:00:00', 0, 0),
(735, 2, 'R39-LF-FB-FM01', 'Large Format', 'static', 44, 'Metro Owned', '', '', '1036800', 'Active', '0000-00-00 00:00:00', '0000-00-00 00:00:00', 0, 0),
(736, 2, 'R40-6SP-C-FM013', '6 Sheet', 'static', 45, 'Metro Owned', '', '', '1036800', 'Active', '0000-00-00 00:00:00', '0000-00-00 00:00:00', 0, 0),
(737, 2, 'R40-6SP-C-FM014', '6 Sheet', 'static', 45, 'Metro Owned', '', '', '1036800', 'Active', '0000-00-00 00:00:00', '0000-00-00 00:00:00', 0, 0),
(738, 2, 'R40-6SP-FB-FM05', '6 Sheet', 'static', 45, 'Metro Owned', '', '', '1036800', 'Active', '0000-00-00 00:00:00', '0000-00-00 00:00:00', 0, 0),
(739, 2, 'R40-6SP-P-FM016', '6 Sheet', 'static', 45, 'Metro Owned', '', '', '1036800', 'Active', '0000-00-00 00:00:00', '0000-00-00 00:00:00', 0, 0),
(740, 2, 'R40-6SP-P-FM017', '6 Sheet', 'static', 45, 'Metro Owned', '', '', '1036800', 'Active', '0000-00-00 00:00:00', '0000-00-00 00:00:00', 0, 0),
(741, 2, 'R40-12SP-C-FM02', '12 Sheet', 'static', 45, 'Metro Owned', '', '', '1036800', 'Active', '0000-00-00 00:00:00', '0000-00-00 00:00:00', 0, 0),
(742, 2, 'R40-12SP-P-FM06', '12 Sheet', 'static', 45, 'Metro Owned', '', '', '1036800', 'Active', '0000-00-00 00:00:00', '0000-00-00 00:00:00', 0, 0),
(743, 2, 'R40-12SP-P-FM09', '12 Sheet', 'static', 45, 'Metro Owned', '', '', '1036800', 'Active', '0000-00-00 00:00:00', '0000-00-00 00:00:00', 0, 0),
(744, 2, 'R41-6SP-C-FM09', '6 Sheet', 'static', 46, 'Metro Owned', '', '', '1036800', 'Active', '0000-00-00 00:00:00', '0000-00-00 00:00:00', 0, 0),
(745, 2, 'R41-6SP-C-FM10', '6 Sheet', 'static', 46, 'Metro Owned', '', '', '1036800', 'Active', '0000-00-00 00:00:00', '0000-00-00 00:00:00', 0, 0),
(746, 2, 'R41-6SP-C-FM12', '6 Sheet', 'static', 46, 'Metro Owned', '', '', '1036800', 'Active', '0000-00-00 00:00:00', '0000-00-00 00:00:00', 0, 0),
(747, 2, 'R41-6SP-EG-FM02', '6 Sheet', 'static', 46, 'Metro Owned', '', '', '1036800', 'Active', '0000-00-00 00:00:00', '0000-00-00 00:00:00', 0, 0),
(748, 2, 'R41-6SP-EG-FM04', '6 Sheet', 'static', 46, 'Metro Owned', '', '', '1036800', 'Active', '0000-00-00 00:00:00', '0000-00-00 00:00:00', 0, 0),
(749, 2, 'R41-6SP-P-FM20', '6 Sheet', 'static', 46, 'Metro Owned', '', '', '1036800', 'Active', '0000-00-00 00:00:00', '0000-00-00 00:00:00', 0, 0),
(750, 2, 'R41-6SP-P-FM21', '6 Sheet', 'static', 46, 'Metro Owned', '', '', '1036800', 'Active', '0000-00-00 00:00:00', '0000-00-00 00:00:00', 0, 0),
(751, 2, 'R41-6SP-P-FM22', '6 Sheet', 'static', 46, 'Metro Owned', '', '', '1036800', 'Active', '0000-00-00 00:00:00', '0000-00-00 00:00:00', 0, 0),
(752, 2, 'R41-6SP-P-FM23', '6 Sheet', 'static', 46, 'Metro Owned', '', '', '1036800', 'Active', '0000-00-00 00:00:00', '0000-00-00 00:00:00', 0, 0),
(753, 2, 'R41-12SP-C-FM03', '12 Sheet', 'static', 46, 'Metro Owned', '', '', '1036800', 'Active', '0000-00-00 00:00:00', '0000-00-00 00:00:00', 0, 0),
(754, 2, 'R41-12SP-FB-FM13', '12 Sheet', 'static', 46, 'Metro Owned', '', '', '1036800', 'Active', '0000-00-00 00:00:00', '0000-00-00 00:00:00', 0, 0),
(755, 2, 'R41-12SP-I-FM16', '12 Sheet', 'static', 46, 'Metro Owned', '', '', '1036800', 'Active', '0000-00-00 00:00:00', '0000-00-00 00:00:00', 0, 0),
(756, 2, 'R41-12SP-P-FM06', '12 Sheet', 'static', 46, 'Metro Owned', '', '', '1036800', 'Active', '0000-00-00 00:00:00', '0000-00-00 00:00:00', 0, 0),
(757, 2, 'R41-12SP-P-FM08', '12 Sheet', 'static', 46, 'Metro Owned', '', '', '1036800', 'Active', '0000-00-00 00:00:00', '0000-00-00 00:00:00', 0, 0),
(758, 2, 'R41-12SP-P-FM09', '12 Sheet', 'static', 46, 'Metro Owned', '', '', '1036800', 'Active', '0000-00-00 00:00:00', '0000-00-00 00:00:00', 0, 0),
(759, 2, 'R41-12SP-P-FM11', '12 Sheet', 'static', 46, 'Metro Owned', '', '', '1036800', 'Active', '0000-00-00 00:00:00', '0000-00-00 00:00:00', 0, 0),
(760, 2, 'R41-LF-FB-FM01', 'Large Format', 'static', 46, 'Metro Owned', '', '', '1036800', 'Active', '0000-00-00 00:00:00', '0000-00-00 00:00:00', 0, 0),
(761, 2, 'R42-6SP-EG-FM01', '6 Sheet', 'static', 47, 'Metro Owned', '', '', '1036800', 'Active', '0000-00-00 00:00:00', '0000-00-00 00:00:00', 0, 0),
(762, 2, 'R42-6SP-EG-FM03', '6 Sheet', 'static', 47, 'Metro Owned', '', '', '1036800', 'Active', '0000-00-00 00:00:00', '0000-00-00 00:00:00', 0, 0),
(763, 2, 'R42-6SP-P-FM06', '6 Sheet', 'static', 47, 'Metro Owned', '', '', '1036800', 'Active', '0000-00-00 00:00:00', '0000-00-00 00:00:00', 0, 0),
(764, 2, 'R42-6SP-P-FM09', '6 Sheet', 'static', 47, 'Metro Owned', '', '', '1036800', 'Active', '0000-00-00 00:00:00', '0000-00-00 00:00:00', 0, 0),
(765, 2, 'R42-12SP-C-FM01', '12 Sheet', 'static', 47, 'Metro Owned', '', '', '1036800', 'Active', '0000-00-00 00:00:00', '0000-00-00 00:00:00', 0, 0),
(766, 2, 'R42-12SP-P-FM06', '12 Sheet', 'static', 47, 'Metro Owned', '', '', '1036800', 'Active', '0000-00-00 00:00:00', '0000-00-00 00:00:00', 0, 0),
(767, 2, 'R42-12SP-P-FM08', '12 Sheet', 'static', 47, 'Metro Owned', '', '', '1036800', 'Active', '0000-00-00 00:00:00', '0000-00-00 00:00:00', 0, 0),
(768, 2, '1078 - 1087', 'Pillar', 'static', 48, 'Metro Owned', '', '', '604800', 'Active', '0000-00-00 00:00:00', '0000-00-00 00:00:00', 0, 0),
(769, 2, '1088 - 1097', 'Pillar', 'static', 48, 'Metro Owned', '', '', '604800', 'Active', '0000-00-00 00:00:00', '0000-00-00 00:00:00', 0, 0),
(770, 2, '1098 - 1107', 'Pillar', 'static', 48, 'Metro Owned', '', '', '604800', 'Active', '0000-00-00 00:00:00', '0000-00-00 00:00:00', 0, 0),
(771, 2, '1108 - 1117', 'Pillar', 'static', 48, 'Metro Owned', '', '', '604800', 'Active', '0000-00-00 00:00:00', '0000-00-00 00:00:00', 0, 0),
(772, 2, '940A - 950', 'Pillar', 'static', 48, 'Metro Owned', '', '', '604800', 'Active', '0000-00-00 00:00:00', '0000-00-00 00:00:00', 0, 0),
(773, 2, '921 - 930', 'Pillar', 'static', 48, 'Metro Owned', '', '', '604800', 'Active', '0000-00-00 00:00:00', '0000-00-00 00:00:00', 0, 0),
(774, 2, '931 - 934', 'Pillar', 'static', 48, 'Metro Owned', '', '', '604800', 'Active', '0000-00-00 00:00:00', '0000-00-00 00:00:00', 0, 0),
(775, 2, '915 - 918', 'Pillar', 'static', 48, 'Metro Owned', '', '', '604800', 'Active', '0000-00-00 00:00:00', '0000-00-00 00:00:00', 0, 0),
(776, 2, '828B - 835', 'Pillar', 'static', 48, 'Metro Owned', '', '', '604800', 'Active', '0000-00-00 00:00:00', '0000-00-00 00:00:00', 0, 0),
(777, 2, '813 - 828A', 'Pillar', 'static', 48, 'Metro Owned', '', '', '604800', 'Active', '0000-00-00 00:00:00', '0000-00-00 00:00:00', 0, 0),
(778, 2, '793 - 802', 'Pillar', 'static', 48, 'Metro Owned', '', '', '604800', 'Active', '0000-00-00 00:00:00', '0000-00-00 00:00:00', 0, 0),
(779, 2, '803 - 812', 'Pillar', 'static', 48, 'Metro Owned', '', '', '604800', 'Active', '0000-00-00 00:00:00', '0000-00-00 00:00:00', 0, 0),
(780, 2, '723 - 731', 'Pillar', 'static', 48, 'Metro Owned', '', '', '604800', 'Active', '0000-00-00 00:00:00', '0000-00-00 00:00:00', 0, 0),
(781, 2, '694 - 699', 'Pillar', 'static', 48, 'Metro Owned', '', '', '604800', 'Active', '0000-00-00 00:00:00', '0000-00-00 00:00:00', 0, 0),
(782, 2, '660 - 669', 'Pillar', 'static', 48, 'Metro Owned', '', '', '604800', 'Active', '0000-00-00 00:00:00', '0000-00-00 00:00:00', 0, 0),
(783, 2, '618 - 626', 'Pillar', 'static', 48, 'Metro Owned', '', '', '604800', 'Active', '0000-00-00 00:00:00', '0000-00-00 00:00:00', 0, 0),
(784, 2, '627 - 636', 'Pillar', 'static', 48, 'Metro Owned', '', '', '604800', 'Active', '0000-00-00 00:00:00', '0000-00-00 00:00:00', 0, 0),
(785, 2, '578 - 581', 'Pillar', 'static', 48, 'Metro Owned', '', '', '604800', 'Active', '0000-00-00 00:00:00', '0000-00-00 00:00:00', 0, 0),
(786, 2, '548 - 557', 'Pillar', 'static', 48, 'Metro Owned', '', '', '604800', 'Active', '0000-00-00 00:00:00', '0000-00-00 00:00:00', 0, 0),
(787, 2, '511 - 522', 'Pillar', 'static', 48, 'Metro Owned', '', '', '604800', 'Active', '0000-00-00 00:00:00', '0000-00-00 00:00:00', 0, 0),
(788, 2, '474 - 483', 'Pillar', 'static', 48, 'Metro Owned', '', '', '604800', 'Active', '0000-00-00 00:00:00', '0000-00-00 00:00:00', 0, 0),
(789, 2, '484 - 493', 'Pillar', 'static', 48, 'Metro Owned', '', '', '604800', 'Active', '0000-00-00 00:00:00', '0000-00-00 00:00:00', 0, 0),
(790, 2, '494 - 500', 'Pillar', 'static', 48, 'Metro Owned', '', '', '604800', 'Active', '0000-00-00 00:00:00', '0000-00-00 00:00:00', 0, 0),
(791, 2, '452 - 461', 'Pillar', 'static', 48, 'Metro Owned', '', '', '604800', 'Active', '0000-00-00 00:00:00', '0000-00-00 00:00:00', 0, 0),
(792, 2, '201 - 210', 'Pillar', 'static', 49, 'Metro Owned', '', '', '604800', 'Active', '0000-00-00 00:00:00', '0000-00-00 00:00:00', 0, 0),
(793, 2, '211 - 215', 'Pillar', 'static', 49, 'Metro Owned', '', '', '604800', 'Active', '0000-00-00 00:00:00', '0000-00-00 00:00:00', 0, 0),
(794, 2, '181 - 187', 'Pillar', 'static', 50, 'Metro Owned', '', '', '604800', 'Active', '0000-00-00 00:00:00', '0000-00-00 00:00:00', 0, 0),
(795, 2, '171 - 175', 'Pillar', 'static', 50, 'Metro Owned', '', '', '604800', 'Active', '0000-00-00 00:00:00', '0000-00-00 00:00:00', 0, 0),
(796, 2, '48 - 51', 'Pillar', 'static', 51, 'Metro Owned', '', '', '604800', 'Active', '0000-00-00 00:00:00', '0000-00-00 00:00:00', 0, 0),
(797, 2, '34 - 45', 'Pillar', 'static', 51, 'Metro Owned', '', '', '604800', 'Active', '0000-00-00 00:00:00', '0000-00-00 00:00:00', 0, 0),
(798, 2, '34 - 40', 'Pillar', 'static', 51, 'Metro Owned', '', '', '604800', 'Active', '0000-00-00 00:00:00', '0000-00-00 00:00:00', 0, 0),
(799, 2, '150 - 159', 'Pillar', 'static', 52, 'Metro Owned', '', '', '604800', 'Active', '0000-00-00 00:00:00', '0000-00-00 00:00:00', 0, 0),
(800, 2, '160 - 169', 'Pillar', 'static', 52, 'Metro Owned', '', '', '604800', 'Active', '0000-00-00 00:00:00', '0000-00-00 00:00:00', 0, 0),
(801, 2, '170 - 174', 'Pillar', 'static', 52, 'Metro Owned', '', '', '604800', 'Active', '0000-00-00 00:00:00', '0000-00-00 00:00:00', 0, 0),
(802, 2, '184 - 193', 'Pillar', 'static', 52, 'Metro Owned', '', '', '604800', 'Active', '0000-00-00 00:00:00', '0000-00-00 00:00:00', 0, 0),
(803, 2, '194 - 203', 'Pillar', 'static', 52, 'Metro Owned', '', '', '604800', 'Active', '0000-00-00 00:00:00', '0000-00-00 00:00:00', 0, 0),
(804, 2, '204 - 209', 'Pillar', 'static', 52, 'Metro Owned', '', '', '604800', 'Active', '0000-00-00 00:00:00', '0000-00-00 00:00:00', 0, 0),
(805, 2, '248 - 257', 'Pillar', 'static', 52, 'Metro Owned', '', '', '604800', 'Active', '0000-00-00 00:00:00', '0000-00-00 00:00:00', 0, 0),
(806, 2, '258 - 267', 'Pillar', 'static', 52, 'Metro Owned', '', '', '604800', 'Active', '0000-00-00 00:00:00', '0000-00-00 00:00:00', 0, 0),
(807, 2, '268 - 277', 'Pillar', 'static', 52, 'Metro Owned', '', '', '604800', 'Active', '0000-00-00 00:00:00', '0000-00-00 00:00:00', 0, 0),
(808, 2, '278 - 283', 'Pillar', 'static', 52, 'Metro Owned', '', '', '604800', 'Active', '0000-00-00 00:00:00', '0000-00-00 00:00:00', 0, 0),
(809, 2, '292 - 295', 'Pillar', 'static', 52, 'Metro Owned', '', '', '604800', 'Active', '0000-00-00 00:00:00', '0000-00-00 00:00:00', 0, 0),
(810, 2, '356 - 365', 'Pillar', 'static', 52, 'Metro Owned', '', '', '604800', 'Active', '0000-00-00 00:00:00', '0000-00-00 00:00:00', 0, 0),
(811, 2, '366 - 375', 'Pillar', 'static', 52, 'Metro Owned', '', '', '604800', 'Active', '0000-00-00 00:00:00', '0000-00-00 00:00:00', 0, 0),
(812, 2, '376 - 379', 'Pillar', 'static', 52, 'Metro Owned', '', '', '604800', 'Active', '0000-00-00 00:00:00', '0000-00-00 00:00:00', 0, 0),
(813, 2, '399 - 402', 'Pillar', 'static', 52, 'Metro Owned', '', '', '604800', 'Active', '0000-00-00 00:00:00', '0000-00-00 00:00:00', 0, 0),
(814, 2, '434 - 442', 'Pillar', 'static', 52, 'Metro Owned', '', '', '604800', 'Active', '0000-00-00 00:00:00', '0000-00-00 00:00:00', 0, 0),
(815, 2, 'R21-FBP-AUH-01', '2 Bridges', 'static', 53, 'Metro Owned', '', '', '604800', 'Active', '0000-00-00 00:00:00', '0000-00-00 00:00:00', 0, 0),
(816, 2, 'R22-FBP-AUH-01', '2 Bridges', 'static', 54, 'Metro Owned', '', '', '604800', 'Active', '0000-00-00 00:00:00', '0000-00-00 00:00:00', 0, 0),
(817, 2, 'R22-FBP-DXB-01', '2 Bridges', 'static', 54, 'Metro Owned', '', '', '604800', 'Active', '0000-00-00 00:00:00', '0000-00-00 00:00:00', 0, 0),
(818, 2, 'R23-FBP-AUH-01', '2 Bridges', 'static', 55, 'Metro Owned', '', '', '604800', 'Active', '0000-00-00 00:00:00', '0000-00-00 00:00:00', 0, 0),
(819, 2, 'R24-FBP-DXB-01', '2 Bridges', 'static', 56, 'Metro Owned', '', '', '604800', 'Active', '0000-00-00 00:00:00', '0000-00-00 00:00:00', 0, 0),
(820, 2, 'R25-FBP-AUH-01', '2 Bridges', 'static', 57, 'Metro Owned', '', '', '604800', 'Active', '0000-00-00 00:00:00', '0000-00-00 00:00:00', 0, 0),
(821, 2, 'R25-FBP-DXB-01', '2 Bridges', 'static', 57, 'Metro Owned', '', '', '604800', 'Active', '0000-00-00 00:00:00', '0000-00-00 00:00:00', 0, 0),
(822, 2, 'R29-FBP-DXB-01', '2 Bridges', 'static', 58, 'Metro Owned', '', '', '604800', 'Active', '0000-00-00 00:00:00', '0000-00-00 00:00:00', 0, 0),
(823, 2, 'R31-FBP-DXB-01', '2 Bridges', 'static', 59, 'Metro Owned', '', '', '604800', 'Active', '0000-00-00 00:00:00', '0000-00-00 00:00:00', 0, 0),
(824, 2, 'R33-FBP-AUH-01', '2 Bridges', 'static', 60, 'Metro Owned', '', '', '604800', 'Active', '0000-00-00 00:00:00', '0000-00-00 00:00:00', 0, 0),
(825, 2, 'R36-FBP-AUH-01', '2 Bridges', 'static', 61, 'Metro Owned', '', '', '604800', 'Active', '0000-00-00 00:00:00', '0000-00-00 00:00:00', 0, 0),
(826, 2, 'R37-FBP-DXB-01', '2 Bridges', 'static', 62, 'Metro Owned', '', '', '604800', 'Active', '0000-00-00 00:00:00', '0000-00-00 00:00:00', 0, 0),
(827, 2, 'R39-FBP-AUH-01', '2 Bridges', 'static', 63, 'Metro Owned', '', '', '604800', 'Active', '0000-00-00 00:00:00', '0000-00-00 00:00:00', 0, 0),
(828, 2, 'R42-FBP-DXB-01', '2 Bridges', 'static', 64, 'Metro Owned', '', '', '604800', 'Active', '0000-00-00 00:00:00', '0000-00-00 00:00:00', 0, 0),
(829, 2, 'S14-EEP-02A', 'EEP', 'static', 65, 'Metro Owned', '', '', '86400', 'Active', '0000-00-00 00:00:00', '0000-00-00 00:00:00', 0, 0),
(830, 2, 'S15-EEP-05A', 'EEP', 'static', 66, 'Metro Owned', '', '', '86400', 'Active', '0000-00-00 00:00:00', '0000-00-00 00:00:00', 0, 0),
(831, 2, 'S15-EEP-06A', 'EEP', 'static', 66, 'Metro Owned', '', '', '86400', 'Active', '0000-00-00 00:00:00', '0000-00-00 00:00:00', 0, 0),
(832, 2, 'S18-EEP-8A', 'EEP', 'static', 67, 'Metro Owned', '', '', '86400', 'Active', '0000-00-00 00:00:00', '0000-00-00 00:00:00', 0, 0),
(833, 2, 'S22-EEP-10A', 'EEP', 'static', 68, 'Metro Owned', '', '', '86400', 'Active', '0000-00-00 00:00:00', '0000-00-00 00:00:00', 0, 0),
(834, 2, 'S24-EEP-11A', 'EEP', 'static', 69, 'Metro Owned', '', '', '86400', 'Active', '0000-00-00 00:00:00', '0000-00-00 00:00:00', 0, 0),
(835, 2, 'S25-EEP-12A', 'EEP', 'static', 70, 'Metro Owned', '', '', '86400', 'Active', '0000-00-00 00:00:00', '0000-00-00 00:00:00', 0, 0),
(836, 2, '71-EEP-01A', 'EEP', 'static', 71, 'Metro Owned', '', '', '86400', 'Active', '0000-00-00 00:00:00', '0000-00-00 00:00:00', 0, 0),
(837, 2, '71-EEP-02A', 'EEP', 'static', 71, 'Metro Owned', '', '', '86400', 'Active', '0000-00-00 00:00:00', '0000-00-00 00:00:00', 0, 0),
(838, 2, '71-EEP-03A', 'EEP', 'static', 71, 'Metro Owned', '', '', '86400', 'Active', '0000-00-00 00:00:00', '0000-00-00 00:00:00', 0, 0),
(839, 2, '71-EEP-04A', 'EEP', 'static', 71, 'Metro Owned', '', '', '86400', 'Active', '0000-00-00 00:00:00', '0000-00-00 00:00:00', 0, 0),
(840, 2, 'S14-TPS20A', 'TPS', 'static', 48, 'Metro Owned', '', '', '103680', 'Active', '0000-00-00 00:00:00', '0000-00-00 00:00:00', 0, 0),
(841, 2, 'S15-TPS22A', 'TPS', 'static', 48, 'Metro Owned', '', '', '1036800', 'Active', '0000-00-00 00:00:00', '0000-00-00 00:00:00', 0, 0),
(842, 2, 'R21-SVW-02', 'Station Wrap', 'static', 49, 'Metro Owned', '', '', '207360', 'Active', '0000-00-00 00:00:00', '0000-00-00 00:00:00', 0, 0),
(843, 2, 'R26-SVW-05', 'Station Wrap', 'static', 72, 'Metro Owned', '', '', '207360', 'Active', '0000-00-00 00:00:00', '0000-00-00 00:00:00', 0, 0),
(844, 2, 'R29-SVW-06', 'Station Wrap', 'static', 58, 'Metro Owned', '', '', '207360', 'Active', '0000-00-00 00:00:00', '0000-00-00 00:00:00', 0, 0),
(845, 2, 'R31-SVW-07', 'Station Wrap', 'static', 59, 'Metro Owned', '', '', '207360', 'Active', '0000-00-00 00:00:00', '0000-00-00 00:00:00', 0, 0),
(846, 2, 'R38-SVW-08', 'Station Wrap', 'static', 73, 'Metro Owned', '', '', '207360', 'Active', '0000-00-00 00:00:00', '0000-00-00 00:00:00', 0, 0),
(847, 2, 'R39-SVW-01', 'Station Wrap', 'static', 63, 'Metro Owned', '', '', '207360', 'Active', '0000-00-00 00:00:00', '0000-00-00 00:00:00', 0, 0),
(848, 2, 'R41-SVW-09', 'Station Wrap', 'static', 74, 'Metro Owned', '', '', '207360', 'Active', '0000-00-00 00:00:00', '0000-00-00 00:00:00', 0, 0),
(849, 2, 'Strech 1', 'Pier Light box', 'static', 75, 'Metro Owned', '', '', '43200', 'Active', '0000-00-00 00:00:00', '0000-00-00 00:00:00', 0, 0),
(850, 2, 'Strech 2', 'Pier Light box', 'static', 76, 'Metro Owned', '', '', '43200', 'Active', '0000-00-00 00:00:00', '0000-00-00 00:00:00', 0, 0),
(851, 2, 'Strech 3', 'Pier Light box', 'static', 71, 'Metro Owned', '', '', '43200', 'Active', '0000-00-00 00:00:00', '0000-00-00 00:00:00', 0, 0),
(852, 2, 'EX-GAR-BP-01', 'Bridge', 'static', 75, 'Metro Owned', '', '', '604800', 'Active', '0000-00-00 00:00:00', '0000-00-00 00:00:00', 0, 0),
(853, 2, 'EX-GAR-BP-02', 'Bridge', 'static', 75, 'Metro Owned', '', '', '604800', 'Active', '0000-00-00 00:00:00', '0000-00-00 00:00:00', 0, 0),
(854, 2, 'EX-GAR-SSB-01', 'Small Banner', 'static', 75, 'Metro Owned', '', '', '1036800', 'Active', '0000-00-00 00:00:00', '0000-00-00 00:00:00', 0, 0),
(855, 2, 'EX-GAR-SSB-02', 'Small Banner', 'static', 75, 'Metro Owned', '', '', '1036800', 'Active', '0000-00-00 00:00:00', '0000-00-00 00:00:00', 0, 0),
(856, 2, 'EX-GAR-SSB-03', 'Small Banner', 'static', 75, 'Metro Owned', '', '', '1036800', 'Active', '0000-00-00 00:00:00', '0000-00-00 00:00:00', 0, 0),
(857, 2, 'EX-GAR-SSB-04', 'Small Banner', 'static', 75, 'Metro Owned', '', '', '1036800', 'Active', '0000-00-00 00:00:00', '0000-00-00 00:00:00', 0, 0),
(858, 2, 'EX-GAR-LSB-01', 'Large Banner', 'static', 75, 'Metro Owned', '', '', '1036800', 'Active', '0000-00-00 00:00:00', '0000-00-00 00:00:00', 0, 0),
(859, 2, 'EX-GAR-LSB-02', 'Large Banner', 'static', 75, 'Metro Owned', '', '', '1036800', 'Active', '0000-00-00 00:00:00', '0000-00-00 00:00:00', 0, 0),
(860, 2, 'EX-GAR-LSB-03', 'Large Banner', 'static', 75, 'Metro Owned', '', '', '1036800', 'Active', '0000-00-00 00:00:00', '0000-00-00 00:00:00', 0, 0),
(861, 2, 'EX-GAR-LSB-04', 'Large Banner', 'static', 75, 'Metro Owned', '', '', '1036800', 'Active', '0000-00-00 00:00:00', '0000-00-00 00:00:00', 0, 0),
(862, 2, 'EX-GAR-SS-01', 'Scroller', 'static', 75, 'Metro Owned', '', '', '', 'Active', '0000-00-00 00:00:00', '0000-00-00 00:00:00', 0, 0),
(863, 2, 'EX-GAR-SS-02', 'Scroller', 'static', 75, 'Metro Owned', '', '', '', 'Active', '0000-00-00 00:00:00', '0000-00-00 00:00:00', 0, 0),
(864, 2, 'EX-GAR-SS-03', 'Scroller', 'static', 75, 'Metro Owned', '', '', '', 'Active', '0000-00-00 00:00:00', '0000-00-00 00:00:00', 0, 0),
(865, 2, 'EX-GAR-SS-04', 'Scroller', 'static', 75, 'Metro Owned', '', '', '', 'Active', '0000-00-00 00:00:00', '0000-00-00 00:00:00', 0, 0),
(866, 2, 'EX-DG-SSB-01', 'Small Banner', 'static', 77, 'Metro Owned', '', '', '1036800', 'Active', '0000-00-00 00:00:00', '0000-00-00 00:00:00', 0, 0),
(867, 2, 'EX-DG-SSB-02', 'Small Banner', 'static', 77, 'Metro Owned', '', '', '1036800', 'Active', '0000-00-00 00:00:00', '0000-00-00 00:00:00', 0, 0),
(868, 2, 'EX-DG-SSB-03', 'Small Banner', 'static', 77, 'Metro Owned', '', '', '1036800', 'Active', '0000-00-00 00:00:00', '0000-00-00 00:00:00', 0, 0),
(869, 2, 'EX-DG-SSB-04', 'Small Banner', 'static', 77, 'Metro Owned', '', '', '1036800', 'Active', '0000-00-00 00:00:00', '0000-00-00 00:00:00', 0, 0),
(870, 2, 'EX-DG-LSB-01', 'Large Banner', 'static', 77, 'Metro Owned', '', '', '1036800', 'Active', '0000-00-00 00:00:00', '0000-00-00 00:00:00', 0, 0),
(871, 2, 'EX-DG-LSB-02', 'Large Banner', 'static', 77, 'Metro Owned', '', '', '1036800', 'Active', '0000-00-00 00:00:00', '0000-00-00 00:00:00', 0, 0),
(872, 2, 'EX-DG-LSB-03', 'Large Banner', 'static', 77, 'Metro Owned', '', '', '1036800', 'Active', '0000-00-00 00:00:00', '0000-00-00 00:00:00', 0, 0),
(873, 2, 'EX-DG-LSB-04', 'Large Banner', 'static', 77, 'Metro Owned', '', '', '1036800', 'Active', '0000-00-00 00:00:00', '0000-00-00 00:00:00', 0, 0),
(874, 2, 'EX-DG-SS-01', 'Scroller', 'static', 77, 'Metro Owned', '', '', '', 'Active', '0000-00-00 00:00:00', '0000-00-00 00:00:00', 0, 0),
(875, 2, 'EX-DG-SS-02', 'Scroller', 'static', 77, 'Metro Owned', '', '', '', 'Active', '0000-00-00 00:00:00', '0000-00-00 00:00:00', 0, 0),
(876, 2, 'EX-DG-SS-03', 'Scroller', 'static', 77, 'Metro Owned', '', '', '', 'Active', '0000-00-00 00:00:00', '0000-00-00 00:00:00', 0, 0),
(877, 2, 'EX-DG-SS-04', 'Scroller', 'static', 77, 'Metro Owned', '', '', '', 'Active', '0000-00-00 00:00:00', '0000-00-00 00:00:00', 0, 0),
(878, 2, 'EX-FUR-SSB-01', 'Small Banner', 'static', 76, 'Metro Owned', '', '', '1036800', 'Active', '0000-00-00 00:00:00', '0000-00-00 00:00:00', 0, 0),
(879, 2, 'EX-FUR-SSB-02', 'Small Banner', 'static', 76, 'Metro Owned', '', '', '1036800', 'Active', '0000-00-00 00:00:00', '0000-00-00 00:00:00', 0, 0),
(880, 2, 'EX-FUR-SSB-03', 'Small Banner', 'static', 76, 'Metro Owned', '', '', '1036800', 'Active', '0000-00-00 00:00:00', '0000-00-00 00:00:00', 0, 0),
(881, 2, 'EX-FUR-SSB-04', 'Small Banner', 'static', 76, 'Metro Owned', '', '', '1036800', 'Active', '0000-00-00 00:00:00', '0000-00-00 00:00:00', 0, 0),
(882, 2, 'EX-FUR-LSB-01', 'Large Banner', 'static', 76, 'Metro Owned', '', '', '1036800', 'Active', '0000-00-00 00:00:00', '0000-00-00 00:00:00', 0, 0),
(883, 2, 'EX-FUR-LSB-02', 'Large Banner', 'static', 76, 'Metro Owned', '', '', '1036800', 'Active', '0000-00-00 00:00:00', '0000-00-00 00:00:00', 0, 0),
(884, 2, 'EX-FUR-LSB-03', 'Large Banner', 'static', 76, 'Metro Owned', '', '', '1036800', 'Active', '0000-00-00 00:00:00', '0000-00-00 00:00:00', 0, 0),
(885, 2, 'EX-FUR-LSB-04', 'Large Banner', 'static', 76, 'Metro Owned', '', '', '1036800', 'Active', '0000-00-00 00:00:00', '0000-00-00 00:00:00', 0, 0),
(886, 2, 'EX-FUR-SS-01', 'Scroller', 'static', 76, 'Metro Owned', '', '', '', 'Active', '0000-00-00 00:00:00', '0000-00-00 00:00:00', 0, 0),
(887, 2, 'EX-FUR-SS-02', 'Scroller', 'static', 76, 'Metro Owned', '', '', '', 'Active', '0000-00-00 00:00:00', '0000-00-00 00:00:00', 0, 0),
(888, 2, 'EX-FUR-SS-03', 'Scroller', 'static', 76, 'Metro Owned', '', '', '', 'Active', '0000-00-00 00:00:00', '0000-00-00 00:00:00', 0, 0),
(889, 2, 'EX-FUR-SS-04', 'Scroller', 'static', 76, 'Metro Owned', '', '', '', 'Active', '0000-00-00 00:00:00', '0000-00-00 00:00:00', 0, 0),
(890, 2, 'EX-JG-XSB-01', 'Extra Large Banner', 'static', 78, 'Metro Owned', '', '', '1036800', 'Active', '0000-00-00 00:00:00', '0000-00-00 00:00:00', 0, 0),
(891, 2, 'EX-JG-XSB-02', 'Extra Large Banner', 'static', 78, 'Metro Owned', '', '', '1036800', 'Active', '0000-00-00 00:00:00', '0000-00-00 00:00:00', 0, 0),
(892, 2, 'EX-JG-XSB-03', 'Extra Large Banner', 'static', 78, 'Metro Owned', '', '', '1036800', 'Active', '0000-00-00 00:00:00', '0000-00-00 00:00:00', 0, 0),
(893, 2, 'EX-JG-XSB-04', 'Extra Large Banner', 'static', 78, 'Metro Owned', '', '', '1036800', 'Active', '0000-00-00 00:00:00', '0000-00-00 00:00:00', 0, 0),
(894, 2, 'EX-JG-SS-01', 'Scroller', 'static', 78, 'Metro Owned', '', '', '', 'Active', '0000-00-00 00:00:00', '0000-00-00 00:00:00', 0, 0),
(895, 2, 'EX-JG-SS-02', 'Scroller', 'static', 78, 'Metro Owned', '', '', '', 'Active', '0000-00-00 00:00:00', '0000-00-00 00:00:00', 0, 0),
(896, 2, 'EX-JG-SS-03', 'Scroller', 'static', 78, 'Metro Owned', '', '', '', 'Active', '0000-00-00 00:00:00', '0000-00-00 00:00:00', 0, 0),
(897, 2, 'EX-JG-SS-04', 'Scroller', 'static', 78, 'Metro Owned', '', '', '', 'Active', '0000-00-00 00:00:00', '0000-00-00 00:00:00', 0, 0),
(898, 2, 'EX-JG-SS-05', 'Scroller', 'static', 78, 'Metro Owned', '', '', '', 'Active', '0000-00-00 00:00:00', '0000-00-00 00:00:00', 0, 0),
(899, 2, 'EX-JG-SS-06', 'Scroller', 'static', 78, 'Metro Owned', '', '', '', 'Active', '0000-00-00 00:00:00', '0000-00-00 00:00:00', 0, 0),
(900, 2, 'EX-71-XSB-01', 'Extra Large Banner', 'static', 71, 'Metro Owned', '', '', '1036800', 'Active', '0000-00-00 00:00:00', '0000-00-00 00:00:00', 0, 0),
(901, 2, 'EX-71-SS-01', 'Scroller', 'static', 71, 'Metro Owned', '', '', '', 'Active', '0000-00-00 00:00:00', '0000-00-00 00:00:00', 0, 0),
(902, 2, 'EX-71-SS-02', 'Scroller', 'static', 71, 'Metro Owned', '', '', '', 'Active', '0000-00-00 00:00:00', '0000-00-00 00:00:00', 0, 0),
(903, 2, 'EX-71-SS-03', 'Scroller', 'static', 71, 'Metro Owned', '', '', '', 'Active', '0000-00-00 00:00:00', '0000-00-00 00:00:00', 0, 0),
(904, 2, 'EX-71-SS-04', 'Scroller', 'static', 71, 'Metro Owned', '', '', '', 'Active', '0000-00-00 00:00:00', '0000-00-00 00:00:00', 0, 0),
(905, 2, 'G11-ES-01', 'Elevator Shaft', 'static', 2, 'Metro Owned', '', '', '604800', 'Active', '0000-00-00 00:00:00', '0000-00-00 00:00:00', 0, 0),
(906, 2, 'G11-ED-01', 'Entrance Door', 'static', 2, 'Metro Owned', '', '', '604800', 'Active', '0000-00-00 00:00:00', '0000-00-00 00:00:00', 0, 0),
(907, 2, 'G11-SW-01', 'Screen Wall', 'static', 2, 'Metro Owned', '', '', '604800', 'Active', '0000-00-00 00:00:00', '0000-00-00 00:00:00', 0, 0),
(908, 2, 'G11-TGFG-01', 'Ticket Gate Floor Graphics', 'static', 2, 'Metro Owned', '', '', '604800', 'Active', '0000-00-00 00:00:00', '0000-00-00 00:00:00', 0, 0),
(909, 2, 'G11-ESTB-01', 'Escalator Stairs Travelator Balustrade', 'static', 2, 'Metro Owned', '', '', '604800', 'Active', '0000-00-00 00:00:00', '0000-00-00 00:00:00', 0, 0),
(910, 2, 'G12-ES-01', 'Elevator Shaft', 'static', 79, 'Metro Owned', '', '', '604800', 'Active', '0000-00-00 00:00:00', '0000-00-00 00:00:00', 0, 0),
(911, 2, 'G12-ED-01', 'Entrance Door', 'static', 79, 'Metro Owned', '', '', '604800', 'Active', '0000-00-00 00:00:00', '0000-00-00 00:00:00', 0, 0),
(912, 2, 'G12-SW-01', 'Screen Wall', 'static', 79, 'Metro Owned', '', '', '604800', 'Active', '0000-00-00 00:00:00', '0000-00-00 00:00:00', 0, 0),
(913, 2, 'G12-TGFG-01', 'Ticket Gate Floor Graphics', 'static', 79, 'Metro Owned', '', '', '604800', 'Active', '0000-00-00 00:00:00', '0000-00-00 00:00:00', 0, 0),
(914, 2, 'G12-ESTB-01', 'Escalator Stairs Travelator Balustrade', 'static', 79, 'Metro Owned', '', '', '604800', 'Active', '0000-00-00 00:00:00', '0000-00-00 00:00:00', 0, 0),
(915, 2, 'G13-ES-01', 'Elevator Shaft', 'static', 4, 'Metro Owned', '', '', '604800', 'Active', '0000-00-00 00:00:00', '0000-00-00 00:00:00', 0, 0),
(916, 2, 'G13-ED-01', 'Entrance Door', 'static', 4, 'Metro Owned', '', '', '604800', 'Active', '0000-00-00 00:00:00', '0000-00-00 00:00:00', 0, 0),
(917, 2, 'G13-SW-01', 'Screen Wall', 'static', 4, 'Metro Owned', '', '', '604800', 'Active', '0000-00-00 00:00:00', '0000-00-00 00:00:00', 0, 0),
(918, 2, 'G13-TGFG-01', 'Ticket Gate Floor Graphics', 'static', 4, 'Metro Owned', '', '', '604800', 'Active', '0000-00-00 00:00:00', '0000-00-00 00:00:00', 0, 0),
(919, 2, 'G13-ESTB-01', 'Escalator Stairs Travelator Balustrade', 'static', 4, 'Metro Owned', '', '', '604800', 'Active', '0000-00-00 00:00:00', '0000-00-00 00:00:00', 0, 0),
(920, 2, 'G14-ES-01', 'Elevator Shaft', 'static', 5, 'Metro Owned', '', '', '604800', 'Active', '0000-00-00 00:00:00', '0000-00-00 00:00:00', 0, 0),
(921, 2, 'G14-ED-01', 'Entrance Door', 'static', 5, 'Metro Owned', '', '', '604800', 'Active', '0000-00-00 00:00:00', '0000-00-00 00:00:00', 0, 0),
(922, 2, 'G14-SW-01', 'Screen Wall', 'static', 5, 'Metro Owned', '', '', '604800', 'Active', '0000-00-00 00:00:00', '0000-00-00 00:00:00', 0, 0),
(923, 2, 'G14-TGFG-01', 'Ticket Gate Floor Graphics', 'static', 5, 'Metro Owned', '', '', '604800', 'Active', '0000-00-00 00:00:00', '0000-00-00 00:00:00', 0, 0),
(924, 2, 'G14-ESTB-01', 'Escalator Stairs Travelator Balustrade', 'static', 5, 'Metro Owned', '', '', '604800', 'Active', '0000-00-00 00:00:00', '0000-00-00 00:00:00', 0, 0),
(925, 2, 'G15-ES-01', 'Elevator Shaft', 'static', 6, 'Metro Owned', '', '', '604800', 'Active', '0000-00-00 00:00:00', '0000-00-00 00:00:00', 0, 0),
(926, 2, 'G15-ED-01', 'Entrance Door', 'static', 6, 'Metro Owned', '', '', '604800', 'Active', '0000-00-00 00:00:00', '0000-00-00 00:00:00', 0, 0),
(927, 2, 'G15-SW-01', 'Screen Wall', 'static', 6, 'Metro Owned', '', '', '604800', 'Active', '0000-00-00 00:00:00', '0000-00-00 00:00:00', 0, 0),
(928, 2, 'G15-TGFG-01', 'Ticket Gate Floor Graphics', 'static', 6, 'Metro Owned', '', '', '604800', 'Active', '0000-00-00 00:00:00', '0000-00-00 00:00:00', 0, 0),
(929, 2, 'G15-ESTB-01', 'Escalator Stairs Travelator Balustrade', 'static', 6, 'Metro Owned', '', '', '604800', 'Active', '0000-00-00 00:00:00', '0000-00-00 00:00:00', 0, 0),
(930, 2, 'G16-ES-01', 'Elevator Shaft', 'static', 7, 'Metro Owned', '', '', '604800', 'Active', '0000-00-00 00:00:00', '0000-00-00 00:00:00', 0, 0),
(931, 2, 'G16-ED-01', 'Entrance Door', 'static', 7, 'Metro Owned', '', '', '604800', 'Active', '0000-00-00 00:00:00', '0000-00-00 00:00:00', 0, 0),
(932, 2, 'G16-SW-01', 'Screen Wall', 'static', 7, 'Metro Owned', '', '', '604800', 'Active', '0000-00-00 00:00:00', '0000-00-00 00:00:00', 0, 0),
(933, 2, 'G16-TGFG-01', 'Ticket Gate Floor Graphics', 'static', 7, 'Metro Owned', '', '', '604800', 'Active', '0000-00-00 00:00:00', '0000-00-00 00:00:00', 0, 0),
(934, 2, 'G16-ESTB-01', 'Escalator Stairs Travelator Balustrade', 'static', 7, 'Metro Owned', '', '', '604800', 'Active', '0000-00-00 00:00:00', '0000-00-00 00:00:00', 0, 0),
(935, 2, 'G17-ES-01', 'Elevator Shaft', 'static', 8, 'Metro Owned', '', '', '604800', 'Active', '0000-00-00 00:00:00', '0000-00-00 00:00:00', 0, 0),
(936, 2, 'G17-ED-01', 'Entrance Door', 'static', 8, 'Metro Owned', '', '', '604800', 'Active', '0000-00-00 00:00:00', '0000-00-00 00:00:00', 0, 0),
(937, 2, 'G17-SW-01', 'Screen Wall', 'static', 8, 'Metro Owned', '', '', '604800', 'Active', '0000-00-00 00:00:00', '0000-00-00 00:00:00', 0, 0),
(938, 2, 'G17-TGFG-01', 'Ticket Gate Floor Graphics', 'static', 8, 'Metro Owned', '', '', '604800', 'Active', '0000-00-00 00:00:00', '0000-00-00 00:00:00', 0, 0),
(939, 2, 'G17-ESTB-01', 'Escalator Stairs Travelator Balustrade', 'static', 8, 'Metro Owned', '', '', '604800', 'Active', '0000-00-00 00:00:00', '0000-00-00 00:00:00', 0, 0),
(940, 2, 'G18-ES-01', 'Elevator Shaft', 'static', 9, 'Metro Owned', '', '', '604800', 'Active', '0000-00-00 00:00:00', '0000-00-00 00:00:00', 0, 0),
(941, 2, 'G18-ED-01', 'Entrance Door', 'static', 9, 'Metro Owned', '', '', '604800', 'Active', '0000-00-00 00:00:00', '0000-00-00 00:00:00', 0, 0),
(942, 2, 'G18-SW-01', 'Screen Wall', 'static', 9, 'Metro Owned', '', '', '604800', 'Active', '0000-00-00 00:00:00', '0000-00-00 00:00:00', 0, 0),
(943, 2, 'G18-TGFG-01', 'Ticket Gate Floor Graphics', 'static', 9, 'Metro Owned', '', '', '604800', 'Active', '0000-00-00 00:00:00', '0000-00-00 00:00:00', 0, 0),
(944, 2, 'G18-ESTB-01', 'Escalator Stairs Travelator Balustrade', 'static', 9, 'Metro Owned', '', '', '604800', 'Active', '0000-00-00 00:00:00', '0000-00-00 00:00:00', 0, 0),
(945, 2, 'G19-ES-01', 'Elevator Shaft', 'static', 80, 'Metro Owned', '', '', '604800', 'Active', '0000-00-00 00:00:00', '0000-00-00 00:00:00', 0, 0),
(946, 2, 'G19-ED-01', 'Entrance Door', 'static', 80, 'Metro Owned', '', '', '604800', 'Active', '0000-00-00 00:00:00', '0000-00-00 00:00:00', 0, 0),
(947, 2, 'G19-SW-01', 'Screen Wall', 'static', 80, 'Metro Owned', '', '', '604800', 'Active', '0000-00-00 00:00:00', '0000-00-00 00:00:00', 0, 0),
(948, 2, 'G19-TGFG-01', 'Ticket Gate Floor Graphics', 'static', 80, 'Metro Owned', '', '', '604800', 'Active', '0000-00-00 00:00:00', '0000-00-00 00:00:00', 0, 0),
(949, 2, 'G19-ESTB-01', 'Escalator Stairs Travelator Balustrade', 'static', 80, 'Metro Owned', '', '', '604800', 'Active', '0000-00-00 00:00:00', '0000-00-00 00:00:00', 0, 0),
(950, 2, 'G20-SW-01', 'Screen Wall', 'static', 81, 'Metro Owned', '', '', '604800', 'Active', '0000-00-00 00:00:00', '0000-00-00 00:00:00', 0, 0),
(951, 2, 'G21-ES-01', 'Elevator Shaft', 'static', 10, 'Metro Owned', '', '', '604800', 'Active', '0000-00-00 00:00:00', '0000-00-00 00:00:00', 0, 0),
(952, 2, 'G21-ED-01', 'Entrance Door', 'static', 10, 'Metro Owned', '', '', '604800', 'Active', '0000-00-00 00:00:00', '0000-00-00 00:00:00', 0, 0),
(953, 2, 'G21-SW-01', 'Screen Wall', 'static', 10, 'Metro Owned', '', '', '604800', 'Active', '0000-00-00 00:00:00', '0000-00-00 00:00:00', 0, 0),
(954, 2, 'G21-TGFG-01', 'Ticket Gate Floor Graphics', 'static', 10, 'Metro Owned', '', '', '604800', 'Active', '0000-00-00 00:00:00', '0000-00-00 00:00:00', 0, 0),
(955, 2, 'G21-ESTB-01', 'Escalator Stairs Travelator Balustrade', 'static', 10, 'Metro Owned', '', '', '604800', 'Active', '0000-00-00 00:00:00', '0000-00-00 00:00:00', 0, 0),
(956, 2, 'G22-ES-01', 'Elevator Shaft', 'static', 11, 'Metro Owned', '', '', '604800', 'Active', '0000-00-00 00:00:00', '0000-00-00 00:00:00', 0, 0),
(957, 2, 'G22-ED-01', 'Entrance Door', 'static', 11, 'Metro Owned', '', '', '604800', 'Active', '0000-00-00 00:00:00', '0000-00-00 00:00:00', 0, 0),
(958, 2, 'G22-SW-01', 'Screen Wall', 'static', 11, 'Metro Owned', '', '', '604800', 'Active', '0000-00-00 00:00:00', '0000-00-00 00:00:00', 0, 0),
(959, 2, 'G22-TGFG-01', 'Ticket Gate Floor Graphics', 'static', 11, 'Metro Owned', '', '', '604800', 'Active', '0000-00-00 00:00:00', '0000-00-00 00:00:00', 0, 0),
(960, 2, 'G22-ESTB-01', 'Escalator Stairs Travelator Balustrade', 'static', 11, 'Metro Owned', '', '', '604800', 'Active', '0000-00-00 00:00:00', '0000-00-00 00:00:00', 0, 0),
(961, 2, 'G23-ES-01', 'Elevator Shaft', 'static', 12, 'Metro Owned', '', '', '604800', 'Active', '0000-00-00 00:00:00', '0000-00-00 00:00:00', 0, 0),
(962, 2, 'G23-ED-01', 'Entrance Door', 'static', 12, 'Metro Owned', '', '', '604800', 'Active', '0000-00-00 00:00:00', '0000-00-00 00:00:00', 0, 0),
(963, 2, 'G23-SW-01', 'Screen Wall', 'static', 12, 'Metro Owned', '', '', '604800', 'Active', '0000-00-00 00:00:00', '0000-00-00 00:00:00', 0, 0),
(964, 2, 'G23-TGFG-01', 'Ticket Gate Floor Graphics', 'static', 12, 'Metro Owned', '', '', '604800', 'Active', '0000-00-00 00:00:00', '0000-00-00 00:00:00', 0, 0),
(965, 2, 'G23-ESTB-01', 'Escalator Stairs Travelator Balustrade', 'static', 12, 'Metro Owned', '', '', '604800', 'Active', '0000-00-00 00:00:00', '0000-00-00 00:00:00', 0, 0),
(966, 2, 'G24-ES-01', 'Elevator Shaft', 'static', 13, 'Metro Owned', '', '', '604800', 'Active', '0000-00-00 00:00:00', '0000-00-00 00:00:00', 0, 0),
(967, 2, 'G24-ED-01', 'Entrance Door', 'static', 13, 'Metro Owned', '', '', '604800', 'Active', '0000-00-00 00:00:00', '0000-00-00 00:00:00', 0, 0),
(968, 2, 'G24-SW-01', 'Screen Wall', 'static', 13, 'Metro Owned', '', '', '604800', 'Active', '0000-00-00 00:00:00', '0000-00-00 00:00:00', 0, 0),
(969, 2, 'G24-TGFG-01', 'Ticket Gate Floor Graphics', 'static', 13, 'Metro Owned', '', '', '604800', 'Active', '0000-00-00 00:00:00', '0000-00-00 00:00:00', 0, 0),
(970, 2, 'G24-ESTB-01', 'Escalator Stairs Travelator Balustrade', 'static', 13, 'Metro Owned', '', '', '604800', 'Active', '0000-00-00 00:00:00', '0000-00-00 00:00:00', 0, 0),
(971, 2, 'G25-ES-01', 'Elevator Shaft', 'static', 14, 'Metro Owned', '', '', '604800', 'Active', '0000-00-00 00:00:00', '0000-00-00 00:00:00', 0, 0),
(972, 2, 'G25-ED-01', 'Entrance Door', 'static', 14, 'Metro Owned', '', '', '604800', 'Active', '0000-00-00 00:00:00', '0000-00-00 00:00:00', 0, 0),
(973, 2, 'G25-SW-01', 'Screen Wall', 'static', 14, 'Metro Owned', '', '', '604800', 'Active', '0000-00-00 00:00:00', '0000-00-00 00:00:00', 0, 0),
(974, 2, 'G25-TGFG-01', 'Ticket Gate Floor Graphics', 'static', 14, 'Metro Owned', '', '', '604800', 'Active', '0000-00-00 00:00:00', '0000-00-00 00:00:00', 0, 0),
(975, 2, 'G25-ESTB-01', 'Escalator Stairs Travelator Balustrade', 'static', 14, 'Metro Owned', '', '', '604800', 'Active', '0000-00-00 00:00:00', '0000-00-00 00:00:00', 0, 0),
(976, 2, 'G27-ES-01', 'Elevator Shaft', 'static', 15, 'Metro Owned', '', '', '604800', 'Active', '0000-00-00 00:00:00', '0000-00-00 00:00:00', 0, 0),
(977, 2, 'G27-ED-01', 'Entrance Door', 'static', 15, 'Metro Owned', '', '', '604800', 'Active', '0000-00-00 00:00:00', '0000-00-00 00:00:00', 0, 0),
(978, 2, 'G27-SW-01', 'Screen Wall', 'static', 15, 'Metro Owned', '', '', '604800', 'Active', '0000-00-00 00:00:00', '0000-00-00 00:00:00', 0, 0),
(979, 2, 'G27-TGFG-01', 'Ticket Gate Floor Graphics', 'static', 15, 'Metro Owned', '', '', '604800', 'Active', '0000-00-00 00:00:00', '0000-00-00 00:00:00', 0, 0),
(980, 2, 'G27-ESTB-01', 'Escalator Stairs Travelator Balustrade', 'static', 15, 'Metro Owned', '', '', '604800', 'Active', '0000-00-00 00:00:00', '0000-00-00 00:00:00', 0, 0),
(981, 2, 'G28-ES-01', 'Elevator Shaft', 'static', 16, 'Metro Owned', '', '', '604800', 'Active', '0000-00-00 00:00:00', '0000-00-00 00:00:00', 0, 0),
(982, 2, 'G28-ED-01', 'Entrance Door', 'static', 16, 'Metro Owned', '', '', '604800', 'Active', '0000-00-00 00:00:00', '0000-00-00 00:00:00', 0, 0),
(983, 2, 'G28-SW-01', 'Screen Wall', 'static', 16, 'Metro Owned', '', '', '604800', 'Active', '0000-00-00 00:00:00', '0000-00-00 00:00:00', 0, 0),
(984, 2, 'G28-TGFG-01', 'Ticket Gate Floor Graphics', 'static', 16, 'Metro Owned', '', '', '604800', 'Active', '0000-00-00 00:00:00', '0000-00-00 00:00:00', 0, 0),
(985, 2, 'G28-ESTB-01', 'Escalator Stairs Travelator Balustrade', 'static', 16, 'Metro Owned', '', '', '604800', 'Active', '0000-00-00 00:00:00', '0000-00-00 00:00:00', 0, 0),
(986, 2, 'G29-ES-01', 'Elevator Shaft', 'static', 17, 'Metro Owned', '', '', '604800', 'Active', '0000-00-00 00:00:00', '0000-00-00 00:00:00', 0, 0),
(987, 2, 'G29-ED-01', 'Entrance Door', 'static', 17, 'Metro Owned', '', '', '604800', 'Active', '0000-00-00 00:00:00', '0000-00-00 00:00:00', 0, 0),
(988, 2, 'G29-SW-01', 'Screen Wall', 'static', 17, 'Metro Owned', '', '', '604800', 'Active', '0000-00-00 00:00:00', '0000-00-00 00:00:00', 0, 0),
(989, 2, 'G29-TGFG-01', 'Ticket Gate Floor Graphics', 'static', 17, 'Metro Owned', '', '', '604800', 'Active', '0000-00-00 00:00:00', '0000-00-00 00:00:00', 0, 0),
(990, 2, 'G29-ESTB-01', 'Escalator Stairs Travelator Balustrade', 'static', 17, 'Metro Owned', '', '', '604800', 'Active', '0000-00-00 00:00:00', '0000-00-00 00:00:00', 0, 0),
(991, 2, 'G30-ES-01', 'Elevator Shaft', 'static', 18, 'Metro Owned', '', '', '604800', 'Active', '0000-00-00 00:00:00', '0000-00-00 00:00:00', 0, 0),
(992, 2, 'G30-ED-01', 'Entrance Door', 'static', 18, 'Metro Owned', '', '', '604800', 'Active', '0000-00-00 00:00:00', '0000-00-00 00:00:00', 0, 0),
(993, 2, 'G30-SW-01', 'Screen Wall', 'static', 18, 'Metro Owned', '', '', '604800', 'Active', '0000-00-00 00:00:00', '0000-00-00 00:00:00', 0, 0),
(994, 2, 'G30-TGFG-01', 'Ticket Gate Floor Graphics', 'static', 18, 'Metro Owned', '', '', '604800', 'Active', '0000-00-00 00:00:00', '0000-00-00 00:00:00', 0, 0),
(995, 2, 'G30-ESTB-01', 'Escalator Stairs Travelator Balustrade', 'static', 18, 'Metro Owned', '', '', '604800', 'Active', '0000-00-00 00:00:00', '0000-00-00 00:00:00', 0, 0),
(996, 2, 'R11-ES-01', 'Elevator Shaft', 'static', 19, 'Metro Owned', '', '', '604800', 'Active', '0000-00-00 00:00:00', '0000-00-00 00:00:00', 0, 0),
(997, 2, 'R11-ED-01', 'Entrance Door', 'static', 19, 'Metro Owned', '', '', '604800', 'Active', '0000-00-00 00:00:00', '0000-00-00 00:00:00', 0, 0),
(998, 2, 'R11-SW-01', 'Screen Wall', 'static', 19, 'Metro Owned', '', '', '604800', 'Active', '0000-00-00 00:00:00', '0000-00-00 00:00:00', 0, 0),
(999, 2, 'R11-TGFG-01', 'Ticket Gate Floor Graphics', 'static', 19, 'Metro Owned', '', '', '604800', 'Active', '0000-00-00 00:00:00', '0000-00-00 00:00:00', 0, 0),
(1000, 2, 'R11-ESTB-01', 'Escalator Stairs Travelator Balustrade', 'static', 19, 'Metro Owned', '', '', '604800', 'Active', '0000-00-00 00:00:00', '0000-00-00 00:00:00', 0, 0),
(1001, 2, 'R12-ES-01', 'Elevator Shaft', 'static', 20, 'Metro Owned', '', '', '604800', 'Active', '0000-00-00 00:00:00', '0000-00-00 00:00:00', 0, 0),
(1002, 2, 'R12-ED-01', 'Entrance Door', 'static', 20, 'Metro Owned', '', '', '604800', 'Active', '0000-00-00 00:00:00', '0000-00-00 00:00:00', 0, 0),
(1003, 2, 'R12-SW-01', 'Screen Wall', 'static', 20, 'Metro Owned', '', '', '604800', 'Active', '0000-00-00 00:00:00', '0000-00-00 00:00:00', 0, 0),
(1004, 2, 'R12-TGFG-01', 'Ticket Gate Floor Graphics', 'static', 20, 'Metro Owned', '', '', '604800', 'Active', '0000-00-00 00:00:00', '0000-00-00 00:00:00', 0, 0),
(1005, 2, 'R12-ESTB-01', 'Escalator Stairs Travelator Balustrade', 'static', 20, 'Metro Owned', '', '', '604800', 'Active', '0000-00-00 00:00:00', '0000-00-00 00:00:00', 0, 0),
(1006, 2, 'R13-ES-01', 'Elevator Shaft', 'static', 21, 'Metro Owned', '', '', '604800', 'Active', '0000-00-00 00:00:00', '0000-00-00 00:00:00', 0, 0),
(1007, 2, 'R13-SW-01', 'Screen Wall', 'static', 21, 'Metro Owned', '', '', '604800', 'Active', '0000-00-00 00:00:00', '0000-00-00 00:00:00', 0, 0),
(1008, 2, 'R13-TGFG-01', 'Ticket Gate Floor Graphics', 'static', 21, 'Metro Owned', '', '', '604800', 'Active', '0000-00-00 00:00:00', '0000-00-00 00:00:00', 0, 0);
INSERT INTO `assets` (`id`, `department_id`, `ref_no`, `name`, `type`, `location_id`, `owned_by`, `asset_photo`, `description`, `installation_time`, `status`, `created_at`, `updated_at`, `created_by`, `updated_by`) VALUES
(1009, 2, 'R13-ESTB-01', 'Escalator Stairs Travelator Balustrade', 'static', 21, 'Metro Owned', '', '', '604800', 'Active', '0000-00-00 00:00:00', '0000-00-00 00:00:00', 0, 0),
(1010, 2, 'R14-ES-01', 'Elevator Shaft', 'static', 22, 'Metro Owned', '', '', '604800', 'Active', '0000-00-00 00:00:00', '0000-00-00 00:00:00', 0, 0),
(1011, 2, 'R14-SW-01', 'Screen Wall', 'static', 22, 'Metro Owned', '', '', '604800', 'Active', '0000-00-00 00:00:00', '0000-00-00 00:00:00', 0, 0),
(1012, 2, 'R14-TGFG-01', 'Ticket Gate Floor Graphics', 'static', 22, 'Metro Owned', '', '', '604800', 'Active', '0000-00-00 00:00:00', '0000-00-00 00:00:00', 0, 0),
(1013, 2, 'R14-ESTB-01', 'Escalator Stairs Travelator Balustrade', 'static', 22, 'Metro Owned', '', '', '604800', 'Active', '0000-00-00 00:00:00', '0000-00-00 00:00:00', 0, 0),
(1014, 2, 'R15-ES-01', 'Elevator Shaft', 'static', 23, 'Metro Owned', '', '', '604800', 'Active', '0000-00-00 00:00:00', '0000-00-00 00:00:00', 0, 0),
(1015, 2, 'R15-ED-01', 'Entrance Door', 'static', 23, 'Metro Owned', '', '', '604800', 'Active', '0000-00-00 00:00:00', '0000-00-00 00:00:00', 0, 0),
(1016, 2, 'R15-SW-01', 'Screen Wall', 'static', 23, 'Metro Owned', '', '', '604800', 'Active', '0000-00-00 00:00:00', '0000-00-00 00:00:00', 0, 0),
(1017, 2, 'R15-TGFG-01', 'Ticket Gate Floor Graphics', 'static', 23, 'Metro Owned', '', '', '604800', 'Active', '0000-00-00 00:00:00', '0000-00-00 00:00:00', 0, 0),
(1018, 2, 'R15-ESTB-01', 'Escalator Stairs Travelator Balustrade', 'static', 23, 'Metro Owned', '', '', '604800', 'Active', '0000-00-00 00:00:00', '0000-00-00 00:00:00', 0, 0),
(1019, 2, 'R16-ES-01', 'Elevator Shaft', 'static', 24, 'Metro Owned', '', '', '604800', 'Active', '0000-00-00 00:00:00', '0000-00-00 00:00:00', 0, 0),
(1020, 2, 'R16-ED-01', 'Entrance Door', 'static', 24, 'Metro Owned', '', '', '604800', 'Active', '0000-00-00 00:00:00', '0000-00-00 00:00:00', 0, 0),
(1021, 2, 'R16-SW-01', 'Screen Wall', 'static', 24, 'Metro Owned', '', '', '604800', 'Active', '0000-00-00 00:00:00', '0000-00-00 00:00:00', 0, 0),
(1022, 2, 'R16-TGFG-01', 'Ticket Gate Floor Graphics', 'static', 24, 'Metro Owned', '', '', '604800', 'Active', '0000-00-00 00:00:00', '0000-00-00 00:00:00', 0, 0),
(1023, 2, 'R16-ESTB-01', 'Escalator Stairs Travelator Balustrade', 'static', 24, 'Metro Owned', '', '', '604800', 'Active', '0000-00-00 00:00:00', '0000-00-00 00:00:00', 0, 0),
(1024, 2, 'R17-ES-01', 'Elevator Shaft', 'static', 25, 'Metro Owned', '', '', '604800', 'Active', '0000-00-00 00:00:00', '0000-00-00 00:00:00', 0, 0),
(1025, 2, 'R17-ED-01', 'Entrance Door', 'static', 25, 'Metro Owned', '', '', '604800', 'Active', '0000-00-00 00:00:00', '0000-00-00 00:00:00', 0, 0),
(1026, 2, 'R17-SW-01', 'Screen Wall', 'static', 25, 'Metro Owned', '', '', '604800', 'Active', '0000-00-00 00:00:00', '0000-00-00 00:00:00', 0, 0),
(1027, 2, 'R17-TGFG-01', 'Ticket Gate Floor Graphics', 'static', 25, 'Metro Owned', '', '', '604800', 'Active', '0000-00-00 00:00:00', '0000-00-00 00:00:00', 0, 0),
(1028, 2, 'R17-ESTB-01', 'Escalator Stairs Travelator Balustrade', 'static', 25, 'Metro Owned', '', '', '604800', 'Active', '0000-00-00 00:00:00', '0000-00-00 00:00:00', 0, 0),
(1029, 2, 'R18-ES-01', 'Elevator Shaft', 'static', 26, 'Metro Owned', '', '', '604800', 'Active', '0000-00-00 00:00:00', '0000-00-00 00:00:00', 0, 0),
(1030, 2, 'R18-ED-01', 'Entrance Door', 'static', 26, 'Metro Owned', '', '', '604800', 'Active', '0000-00-00 00:00:00', '0000-00-00 00:00:00', 0, 0),
(1031, 2, 'R18-SW-01', 'Screen Wall', 'static', 26, 'Metro Owned', '', '', '604800', 'Active', '0000-00-00 00:00:00', '0000-00-00 00:00:00', 0, 0),
(1032, 2, 'R18-TGFG-01', 'Ticket Gate Floor Graphics', 'static', 26, 'Metro Owned', '', '', '604800', 'Active', '0000-00-00 00:00:00', '0000-00-00 00:00:00', 0, 0),
(1033, 2, 'R18-ESTB-01', 'Escalator Stairs Travelator Balustrade', 'static', 26, 'Metro Owned', '', '', '604800', 'Active', '0000-00-00 00:00:00', '0000-00-00 00:00:00', 0, 0),
(1034, 2, 'R19-ES-01', 'Elevator Shaft', 'static', 27, 'Metro Owned', '', '', '604800', 'Active', '0000-00-00 00:00:00', '0000-00-00 00:00:00', 0, 0),
(1035, 2, 'R19-ED-01', 'Entrance Door', 'static', 27, 'Metro Owned', '', '', '604800', 'Active', '0000-00-00 00:00:00', '0000-00-00 00:00:00', 0, 0),
(1036, 2, 'R19-SW-01', 'Screen Wall', 'static', 27, 'Metro Owned', '', '', '604800', 'Active', '0000-00-00 00:00:00', '0000-00-00 00:00:00', 0, 0),
(1037, 2, 'R19-SW-02', 'Screen Wall', 'static', 27, 'Metro Owned', '', '', '604800', 'Active', '0000-00-00 00:00:00', '0000-00-00 00:00:00', 0, 0),
(1038, 2, 'R19-TGFG-01', 'Ticket Gate Floor Graphics', 'static', 27, 'Metro Owned', '', '', '604800', 'Active', '0000-00-00 00:00:00', '0000-00-00 00:00:00', 0, 0),
(1039, 2, 'R19-ESTB-01', 'Escalator Stairs Travelator Balustrade', 'static', 27, 'Metro Owned', '', '', '604800', 'Active', '0000-00-00 00:00:00', '0000-00-00 00:00:00', 0, 0),
(1040, 2, 'R20-ES-01', 'Elevator Shaft', 'static', 28, 'Metro Owned', '', '', '604800', 'Active', '0000-00-00 00:00:00', '0000-00-00 00:00:00', 0, 0),
(1041, 2, 'R20-ED-01', 'Entrance Door', 'static', 28, 'Metro Owned', '', '', '604800', 'Active', '0000-00-00 00:00:00', '0000-00-00 00:00:00', 0, 0),
(1042, 2, 'R20-SW-01', 'Screen Wall', 'static', 28, 'Metro Owned', '', '', '604800', 'Active', '0000-00-00 00:00:00', '0000-00-00 00:00:00', 0, 0),
(1043, 2, 'R20-TGFG-01', 'Ticket Gate Floor Graphics', 'static', 28, 'Metro Owned', '', '', '604800', 'Active', '0000-00-00 00:00:00', '0000-00-00 00:00:00', 0, 0),
(1044, 2, 'R20-ESTB-01', 'Escalator Stairs Travelator Balustrade', 'static', 28, 'Metro Owned', '', '', '604800', 'Active', '0000-00-00 00:00:00', '0000-00-00 00:00:00', 0, 0),
(1045, 2, 'R21-ES-01', 'Elevator Shaft', 'static', 29, 'Metro Owned', '', '', '604800', 'Active', '0000-00-00 00:00:00', '0000-00-00 00:00:00', 0, 0),
(1046, 2, 'R21-ED-01', 'Entrance Door', 'static', 29, 'Metro Owned', '', '', '604800', 'Active', '0000-00-00 00:00:00', '0000-00-00 00:00:00', 0, 0),
(1047, 2, 'R21-SW-01', 'Screen Wall', 'static', 29, 'Metro Owned', '', '', '604800', 'Active', '0000-00-00 00:00:00', '0000-00-00 00:00:00', 0, 0),
(1048, 2, 'R21-TGFG-01', 'Ticket Gate Floor Graphics', 'static', 29, 'Metro Owned', '', '', '604800', 'Active', '0000-00-00 00:00:00', '0000-00-00 00:00:00', 0, 0),
(1049, 2, 'R21-ESTB-01', 'Escalator Stairs Travelator Balustrade', 'static', 29, 'Metro Owned', '', '', '604800', 'Active', '0000-00-00 00:00:00', '0000-00-00 00:00:00', 0, 0),
(1050, 2, 'R22-ES-01', 'Elevator Shaft', 'static', 30, 'Metro Owned', '', '', '604800', 'Active', '0000-00-00 00:00:00', '0000-00-00 00:00:00', 0, 0),
(1051, 2, 'R22-ED-01', 'Entrance Door', 'static', 30, 'Metro Owned', '', '', '604800', 'Active', '0000-00-00 00:00:00', '0000-00-00 00:00:00', 0, 0),
(1052, 2, 'R22-SW-01', 'Screen Wall', 'static', 30, 'Metro Owned', '', '', '604800', 'Active', '0000-00-00 00:00:00', '0000-00-00 00:00:00', 0, 0),
(1053, 2, 'R22-TGFG-01', 'Ticket Gate Floor Graphics', 'static', 30, 'Metro Owned', '', '', '604800', 'Active', '0000-00-00 00:00:00', '0000-00-00 00:00:00', 0, 0),
(1054, 2, 'R22-ESTB-01', 'Escalator Stairs Travelator Balustrade', 'static', 30, 'Metro Owned', '', '', '604800', 'Active', '0000-00-00 00:00:00', '0000-00-00 00:00:00', 0, 0),
(1055, 2, 'R23-ES-01', 'Elevator Shaft', 'static', 83, 'Metro Owned', '', '', '604800', 'Active', '0000-00-00 00:00:00', '0000-00-00 00:00:00', 0, 0),
(1056, 2, 'R23-ED-01', 'Entrance Door', 'static', 83, 'Metro Owned', '', '', '604800', 'Active', '0000-00-00 00:00:00', '0000-00-00 00:00:00', 0, 0),
(1057, 2, 'R23-SW-01', 'Screen Wall', 'static', 83, 'Metro Owned', '', '', '604800', 'Active', '0000-00-00 00:00:00', '0000-00-00 00:00:00', 0, 0),
(1058, 2, 'R23-TGFG-01', 'Ticket Gate Floor Graphics', 'static', 83, 'Metro Owned', '', '', '604800', 'Active', '0000-00-00 00:00:00', '0000-00-00 00:00:00', 0, 0),
(1059, 2, 'R23-ESTB-01', 'Escalator Stairs Travelator Balustrade', 'static', 83, 'Metro Owned', '', '', '604800', 'Active', '0000-00-00 00:00:00', '0000-00-00 00:00:00', 0, 0),
(1060, 2, 'R24-ES-01', 'Elevator Shaft', 'static', 32, 'Metro Owned', '', '', '604800', 'Active', '0000-00-00 00:00:00', '0000-00-00 00:00:00', 0, 0),
(1061, 2, 'R24-ED-01', 'Entrance Door', 'static', 32, 'Metro Owned', '', '', '604800', 'Active', '0000-00-00 00:00:00', '0000-00-00 00:00:00', 0, 0),
(1062, 2, 'R24-SW-01', 'Screen Wall', 'static', 32, 'Metro Owned', '', '', '604800', 'Active', '0000-00-00 00:00:00', '0000-00-00 00:00:00', 0, 0),
(1063, 2, 'R24-TGFG-01', 'Ticket Gate Floor Graphics', 'static', 32, 'Metro Owned', '', '', '604800', 'Active', '0000-00-00 00:00:00', '0000-00-00 00:00:00', 0, 0),
(1064, 2, 'R24-ESTB-01', 'Escalator Stairs Travelator Balustrade', 'static', 32, 'Metro Owned', '', '', '604800', 'Active', '0000-00-00 00:00:00', '0000-00-00 00:00:00', 0, 0),
(1065, 2, 'R25-ES-01', 'Elevator Shaft', 'static', 33, 'Metro Owned', '', '', '604800', 'Active', '0000-00-00 00:00:00', '0000-00-00 00:00:00', 0, 0),
(1066, 2, 'R25-ED-01', 'Entrance Door', 'static', 33, 'Metro Owned', '', '', '604800', 'Active', '0000-00-00 00:00:00', '0000-00-00 00:00:00', 0, 0),
(1067, 2, 'R25-SW-01', 'Screen Wall', 'static', 33, 'Metro Owned', '', '', '604800', 'Active', '0000-00-00 00:00:00', '0000-00-00 00:00:00', 0, 0),
(1068, 2, 'R25-TGFG-01', 'Ticket Gate Floor Graphics', 'static', 33, 'Metro Owned', '', '', '604800', 'Active', '0000-00-00 00:00:00', '0000-00-00 00:00:00', 0, 0),
(1069, 2, 'R25-ESTB-01', 'Escalator Stairs Travelator Balustrade', 'static', 33, 'Metro Owned', '', '', '604800', 'Active', '0000-00-00 00:00:00', '0000-00-00 00:00:00', 0, 0),
(1070, 2, 'R26-ES-01', 'Elevator Shaft', 'static', 34, 'Metro Owned', '', '', '604800', 'Active', '0000-00-00 00:00:00', '0000-00-00 00:00:00', 0, 0),
(1071, 2, 'R26-ED-01', 'Entrance Door', 'static', 34, 'Metro Owned', '', '', '604800', 'Active', '0000-00-00 00:00:00', '0000-00-00 00:00:00', 0, 0),
(1072, 2, 'R26-SW-01', 'Screen Wall', 'static', 34, 'Metro Owned', '', '', '604800', 'Active', '0000-00-00 00:00:00', '0000-00-00 00:00:00', 0, 0),
(1073, 2, 'R26-TGFG-01', 'Ticket Gate Floor Graphics', 'static', 34, 'Metro Owned', '', '', '604800', 'Active', '0000-00-00 00:00:00', '0000-00-00 00:00:00', 0, 0),
(1074, 2, 'R26-ESTB-01', 'Escalator Stairs Travelator Balustrade', 'static', 34, 'Metro Owned', '', '', '604800', 'Active', '0000-00-00 00:00:00', '0000-00-00 00:00:00', 0, 0),
(1075, 2, 'R29-ES-01', 'Elevator Shaft', 'static', 35, 'Metro Owned', '', '', '604800', 'Active', '0000-00-00 00:00:00', '0000-00-00 00:00:00', 0, 0),
(1076, 2, 'R29-ED-01', 'Entrance Door', 'static', 35, 'Metro Owned', '', '', '604800', 'Active', '0000-00-00 00:00:00', '0000-00-00 00:00:00', 0, 0),
(1077, 2, 'R29-SW-01', 'Screen Wall', 'static', 35, 'Metro Owned', '', '', '604800', 'Active', '0000-00-00 00:00:00', '0000-00-00 00:00:00', 0, 0),
(1078, 2, 'R29-TGFG-01', 'Ticket Gate Floor Graphics', 'static', 35, 'Metro Owned', '', '', '604800', 'Active', '0000-00-00 00:00:00', '0000-00-00 00:00:00', 0, 0),
(1079, 2, 'R29-ESTB-01', 'Escalator Stairs Travelator Balustrade', 'static', 35, 'Metro Owned', '', '', '604800', 'Active', '0000-00-00 00:00:00', '0000-00-00 00:00:00', 0, 0),
(1080, 2, 'R31-ES-01', 'Elevator Shaft', 'static', 36, 'Metro Owned', '', '', '604800', 'Active', '0000-00-00 00:00:00', '0000-00-00 00:00:00', 0, 0),
(1081, 2, 'R31-ED-01', 'Entrance Door', 'static', 36, 'Metro Owned', '', '', '604800', 'Active', '0000-00-00 00:00:00', '0000-00-00 00:00:00', 0, 0),
(1082, 2, 'R31-SW-01', 'Screen Wall', 'static', 36, 'Metro Owned', '', '', '604800', 'Active', '0000-00-00 00:00:00', '0000-00-00 00:00:00', 0, 0),
(1083, 2, 'R31-TGFG-01', 'Ticket Gate Floor Graphics', 'static', 36, 'Metro Owned', '', '', '604800', 'Active', '0000-00-00 00:00:00', '0000-00-00 00:00:00', 0, 0),
(1084, 2, 'R31-ESTB-01', 'Escalator Stairs Travelator Balustrade', 'static', 36, 'Metro Owned', '', '', '604800', 'Active', '0000-00-00 00:00:00', '0000-00-00 00:00:00', 0, 0),
(1085, 2, 'R32-ES-01', 'Elevator Shaft', 'static', 85, 'Metro Owned', '', '', '604800', 'Active', '0000-00-00 00:00:00', '0000-00-00 00:00:00', 0, 0),
(1086, 2, 'R32-ED-01', 'Entrance Door', 'static', 85, 'Metro Owned', '', '', '604800', 'Active', '0000-00-00 00:00:00', '0000-00-00 00:00:00', 0, 0),
(1087, 2, 'R32-SW-01', 'Screen Wall', 'static', 85, 'Metro Owned', '', '', '604800', 'Active', '0000-00-00 00:00:00', '0000-00-00 00:00:00', 0, 0),
(1088, 2, 'R32-TGFG-01', 'Ticket Gate Floor Graphics', 'static', 85, 'Metro Owned', '', '', '604800', 'Active', '0000-00-00 00:00:00', '0000-00-00 00:00:00', 0, 0),
(1089, 2, 'R32-ESTB-01', 'Escalator Stairs Travelator Balustrade', 'static', 85, 'Metro Owned', '', '', '604800', 'Active', '0000-00-00 00:00:00', '0000-00-00 00:00:00', 0, 0),
(1090, 2, 'R32-WU-01', 'Wall Unit', 'static', 85, 'Metro Owned', '', '', '604800', 'Active', '0000-00-00 00:00:00', '0000-00-00 00:00:00', 0, 0),
(1091, 2, 'R33-ES-01', 'Elevator Shaft', 'static', 38, 'Metro Owned', '', '', '604800', 'Active', '0000-00-00 00:00:00', '0000-00-00 00:00:00', 0, 0),
(1092, 2, 'R33-ED-01', 'Entrance Door', 'static', 38, 'Metro Owned', '', '', '604800', 'Active', '0000-00-00 00:00:00', '0000-00-00 00:00:00', 0, 0),
(1093, 2, 'R33-SW-01', 'Screen Wall', 'static', 38, 'Metro Owned', '', '', '604800', 'Active', '0000-00-00 00:00:00', '0000-00-00 00:00:00', 0, 0),
(1094, 2, 'R33-TGFG-01', 'Ticket Gate Floor Graphics', 'static', 38, 'Metro Owned', '', '', '604800', 'Active', '0000-00-00 00:00:00', '0000-00-00 00:00:00', 0, 0),
(1095, 2, 'R33-ESTB-01', 'Escalator Stairs Travelator Balustrade', 'static', 38, 'Metro Owned', '', '', '604800', 'Active', '0000-00-00 00:00:00', '0000-00-00 00:00:00', 0, 0),
(1096, 2, 'R34-ES-01', 'Elevator Shaft', 'static', 86, 'Metro Owned', '', '', '604800', 'Active', '0000-00-00 00:00:00', '0000-00-00 00:00:00', 0, 0),
(1097, 2, 'R34-ED-01', 'Entrance Door', 'static', 86, 'Metro Owned', '', '', '604800', 'Active', '0000-00-00 00:00:00', '0000-00-00 00:00:00', 0, 0),
(1098, 2, 'R34-SW-01', 'Screen Wall', 'static', 86, 'Metro Owned', '', '', '604800', 'Active', '0000-00-00 00:00:00', '0000-00-00 00:00:00', 0, 0),
(1099, 2, 'R34-TGFG-01', 'Ticket Gate Floor Graphics', 'static', 86, 'Metro Owned', '', '', '604800', 'Active', '0000-00-00 00:00:00', '0000-00-00 00:00:00', 0, 0),
(1100, 2, 'R34-ESTB-01', 'Escalator Stairs Travelator Balustrade', 'static', 86, 'Metro Owned', '', '', '604800', 'Active', '0000-00-00 00:00:00', '0000-00-00 00:00:00', 0, 0),
(1101, 2, 'R35-ES-01', 'Elevator Shaft', 'static', 40, 'Metro Owned', '', '', '604800', 'Active', '0000-00-00 00:00:00', '0000-00-00 00:00:00', 0, 0),
(1102, 2, 'R35-ED-01', 'Entrance Door', 'static', 40, 'Metro Owned', '', '', '604800', 'Active', '0000-00-00 00:00:00', '0000-00-00 00:00:00', 0, 0),
(1103, 2, 'R35-SW-01', 'Screen Wall', 'static', 40, 'Metro Owned', '', '', '604800', 'Active', '0000-00-00 00:00:00', '0000-00-00 00:00:00', 0, 0),
(1104, 2, 'R35-TGFG-01', 'Ticket Gate Floor Graphics', 'static', 40, 'Metro Owned', '', '', '604800', 'Active', '0000-00-00 00:00:00', '0000-00-00 00:00:00', 0, 0),
(1105, 2, 'R35-ESTB-01', 'Escalator Stairs Travelator Balustrade', 'static', 40, 'Metro Owned', '', '', '604800', 'Active', '0000-00-00 00:00:00', '0000-00-00 00:00:00', 0, 0),
(1106, 2, 'R36-ES-01', 'Elevator Shaft', 'static', 41, 'Metro Owned', '', '', '604800', 'Active', '0000-00-00 00:00:00', '0000-00-00 00:00:00', 0, 0),
(1107, 2, 'R36-ED-01', 'Entrance Door', 'static', 41, 'Metro Owned', '', '', '604800', 'Active', '0000-00-00 00:00:00', '0000-00-00 00:00:00', 0, 0),
(1108, 2, 'R36-SW-01', 'Screen Wall', 'static', 41, 'Metro Owned', '', '', '604800', 'Active', '0000-00-00 00:00:00', '0000-00-00 00:00:00', 0, 0),
(1109, 2, 'R36-TGFG-01', 'Ticket Gate Floor Graphics', 'static', 41, 'Metro Owned', '', '', '604800', 'Active', '0000-00-00 00:00:00', '0000-00-00 00:00:00', 0, 0),
(1110, 2, 'R36-ESTB-01', 'Escalator Stairs Travelator Balustrade', 'static', 41, 'Metro Owned', '', '', '604800', 'Active', '0000-00-00 00:00:00', '0000-00-00 00:00:00', 0, 0),
(1111, 2, 'R37-ES-01', 'Elevator Shaft', 'static', 42, 'Metro Owned', '', '', '604800', 'Active', '0000-00-00 00:00:00', '0000-00-00 00:00:00', 0, 0),
(1112, 2, 'R37-ED-01', 'Entrance Door', 'static', 42, 'Metro Owned', '', '', '604800', 'Active', '0000-00-00 00:00:00', '0000-00-00 00:00:00', 0, 0),
(1113, 2, 'R37-SW-01', 'Screen Wall', 'static', 42, 'Metro Owned', '', '', '604800', 'Active', '0000-00-00 00:00:00', '0000-00-00 00:00:00', 0, 0),
(1114, 2, 'R37-TGFG-01', 'Ticket Gate Floor Graphics', 'static', 42, 'Metro Owned', '', '', '604800', 'Active', '0000-00-00 00:00:00', '0000-00-00 00:00:00', 0, 0),
(1115, 2, 'R37-ESTB-01', 'Escalator Stairs Travelator Balustrade', 'static', 42, 'Metro Owned', '', '', '604800', 'Active', '0000-00-00 00:00:00', '0000-00-00 00:00:00', 0, 0),
(1116, 2, 'R38-ES-01', 'Elevator Shaft', 'static', 43, 'Metro Owned', '', '', '604800', 'Active', '0000-00-00 00:00:00', '0000-00-00 00:00:00', 0, 0),
(1117, 2, 'R38-ED-01', 'Entrance Door', 'static', 43, 'Metro Owned', '', '', '604800', 'Active', '0000-00-00 00:00:00', '0000-00-00 00:00:00', 0, 0),
(1118, 2, 'R38-SW-01', 'Screen Wall', 'static', 43, 'Metro Owned', '', '', '604800', 'Active', '0000-00-00 00:00:00', '0000-00-00 00:00:00', 0, 0),
(1119, 2, 'R38-TGFG-01', 'Ticket Gate Floor Graphics', 'static', 43, 'Metro Owned', '', '', '604800', 'Active', '0000-00-00 00:00:00', '0000-00-00 00:00:00', 0, 0),
(1120, 2, 'R38-ESTB-01', 'Escalator Stairs Travelator Balustrade', 'static', 43, 'Metro Owned', '', '', '604800', 'Active', '0000-00-00 00:00:00', '0000-00-00 00:00:00', 0, 0),
(1121, 2, 'R39-ES-01', 'Elevator Shaft', 'static', 44, 'Metro Owned', '', '', '604800', 'Active', '0000-00-00 00:00:00', '0000-00-00 00:00:00', 0, 0),
(1122, 2, 'R39-ED-01', 'Entrance Door', 'static', 44, 'Metro Owned', '', '', '604800', 'Active', '0000-00-00 00:00:00', '0000-00-00 00:00:00', 0, 0),
(1123, 2, 'R39-SW-01', 'Screen Wall', 'static', 44, 'Metro Owned', '', '', '604800', 'Active', '0000-00-00 00:00:00', '0000-00-00 00:00:00', 0, 0),
(1124, 2, 'R39-TGFG-01', 'Ticket Gate Floor Graphics', 'static', 44, 'Metro Owned', '', '', '604800', 'Active', '0000-00-00 00:00:00', '0000-00-00 00:00:00', 0, 0),
(1125, 2, 'R39-ESTB-01', 'Escalator Stairs Travelator Balustrade', 'static', 44, 'Metro Owned', '', '', '604800', 'Active', '0000-00-00 00:00:00', '0000-00-00 00:00:00', 0, 0),
(1126, 2, 'R40-ES-01', 'Elevator Shaft', 'static', 45, 'Metro Owned', '', '', '604800', 'Active', '0000-00-00 00:00:00', '0000-00-00 00:00:00', 0, 0),
(1127, 2, 'R40-ED-01', 'Entrance Door', 'static', 45, 'Metro Owned', '', '', '604800', 'Active', '0000-00-00 00:00:00', '0000-00-00 00:00:00', 0, 0),
(1128, 2, 'R40-SW-01', 'Screen Wall', 'static', 45, 'Metro Owned', '', '', '604800', 'Active', '0000-00-00 00:00:00', '0000-00-00 00:00:00', 0, 0),
(1129, 2, 'R40-TGFG-01', 'Ticket Gate Floor Graphics', 'static', 45, 'Metro Owned', '', '', '604800', 'Active', '0000-00-00 00:00:00', '0000-00-00 00:00:00', 0, 0),
(1130, 2, 'R40-ESTB-01', 'Escalator Stairs Travelator Balustrade', 'static', 45, 'Metro Owned', '', '', '604800', 'Active', '0000-00-00 00:00:00', '0000-00-00 00:00:00', 0, 0),
(1131, 2, 'R41-ES-01', 'Elevator Shaft', 'static', 46, 'Metro Owned', '', '', '604800', 'Active', '0000-00-00 00:00:00', '0000-00-00 00:00:00', 0, 0),
(1132, 2, 'R41-ED-01', 'Entrance Door', 'static', 46, 'Metro Owned', '', '', '604800', 'Active', '0000-00-00 00:00:00', '0000-00-00 00:00:00', 0, 0),
(1133, 2, 'R41-SW-01', 'Screen Wall', 'static', 46, 'Metro Owned', '', '', '604800', 'Active', '0000-00-00 00:00:00', '0000-00-00 00:00:00', 0, 0),
(1134, 2, 'R41-TGFG-01', 'Ticket Gate Floor Graphics', 'static', 46, 'Metro Owned', '', '', '604800', 'Active', '0000-00-00 00:00:00', '0000-00-00 00:00:00', 0, 0),
(1135, 2, 'R41-ESTB-01', 'Escalator Stairs Travelator Balustrade', 'static', 46, 'Metro Owned', '', '', '604800', 'Active', '0000-00-00 00:00:00', '0000-00-00 00:00:00', 0, 0),
(1136, 2, 'R42-ES-01', 'Elevator Shaft', 'static', 47, 'Metro Owned', '', '', '604800', 'Active', '0000-00-00 00:00:00', '0000-00-00 00:00:00', 0, 0),
(1137, 2, 'R42-ED-01', 'Entrance Door', 'static', 47, 'Metro Owned', '', '', '604800', 'Active', '0000-00-00 00:00:00', '0000-00-00 00:00:00', 0, 0),
(1138, 2, 'R42-SW-01', 'Screen Wall', 'static', 47, 'Metro Owned', '', '', '604800', 'Active', '0000-00-00 00:00:00', '0000-00-00 00:00:00', 0, 0),
(1139, 2, 'R42-TGFG-01', 'Ticket Gate Floor Graphics', 'static', 47, 'Metro Owned', '', '', '604800', 'Active', '0000-00-00 00:00:00', '0000-00-00 00:00:00', 0, 0),
(1140, 2, 'R42-ESTB-01', 'Escalator Stairs Travelator Balustrade', 'static', 47, 'Metro Owned', '', '', '604800', 'Active', '0000-00-00 00:00:00', '0000-00-00 00:00:00', 0, 0),
(1141, 2, 'G11-12SP-C-FM02', '12 Sheet', 'digital', 2, 'Metro Owned', '', '', '86400', 'Active', '0000-00-00 00:00:00', '0000-00-00 00:00:00', 0, 0),
(1142, 2, 'G12-12SP-C-FM02', '12 Sheet', 'digital', 3, 'Metro Owned', '', '', '86400', 'Active', '0000-00-00 00:00:00', '0000-00-00 00:00:00', 0, 0),
(1143, 2, 'G12-12SP-C-FM04', '12 Sheet', 'digital', 3, 'Metro Owned', '', '', '86400', 'Active', '0000-00-00 00:00:00', '0000-00-00 00:00:00', 0, 0),
(1144, 2, 'G13-12SP-C-FM02', '12 Sheet', 'digital', 89, 'Metro Owned', '', '', '86400', 'Active', '0000-00-00 00:00:00', '0000-00-00 00:00:00', 0, 0),
(1145, 2, 'G14-12SP-C-FM02', '12 Sheet', 'digital', 5, 'Metro Owned', '', '', '86400', 'Active', '0000-00-00 00:00:00', '0000-00-00 00:00:00', 0, 0),
(1146, 2, 'G15-12SP-C-FM02', '12 Sheet', 'digital', 6, 'Metro Owned', '', '', '86400', 'Active', '0000-00-00 00:00:00', '0000-00-00 00:00:00', 0, 0),
(1147, 2, 'G15-12SP-C-FM04', '12 Sheet', 'digital', 6, 'Metro Owned', '', '', '86400', 'Active', '0000-00-00 00:00:00', '0000-00-00 00:00:00', 0, 0),
(1148, 2, 'G16-12SP-C-FM01', '12 Sheet', 'digital', 7, 'Metro Owned', '', '', '86400', 'Active', '0000-00-00 00:00:00', '0000-00-00 00:00:00', 0, 0),
(1149, 2, 'G17-12SP-C-FM02', '12 Sheet', 'digital', 8, 'Metro Owned', '', '', '86400', 'Active', '0000-00-00 00:00:00', '0000-00-00 00:00:00', 0, 0),
(1150, 2, 'G18-12SP-C-FM02', '12 Sheet', 'digital', 9, 'Metro Owned', '', '', '86400', 'Active', '0000-00-00 00:00:00', '0000-00-00 00:00:00', 0, 0),
(1151, 2, 'G19-12SP-C-FM01', '12 Sheet', 'digital', 80, 'Metro Owned', '', '', '86400', 'Active', '0000-00-00 00:00:00', '0000-00-00 00:00:00', 0, 0),
(1152, 2, 'G19-12SP-C-FM03', '12 Sheet', 'digital', 80, 'Metro Owned', '', '', '86400', 'Active', '0000-00-00 00:00:00', '0000-00-00 00:00:00', 0, 0),
(1153, 2, 'G21-12SP-C-FM01', '12 Sheet', 'digital', 10, 'Metro Owned', '', '', '86400', 'Active', '0000-00-00 00:00:00', '0000-00-00 00:00:00', 0, 0),
(1154, 2, 'G21-12SP-C-FM02', '12 Sheet', 'digital', 10, 'Metro Owned', '', '', '86400', 'Active', '0000-00-00 00:00:00', '0000-00-00 00:00:00', 0, 0),
(1155, 2, 'G22-12SP-C-FM01', '12 Sheet', 'digital', 11, 'Metro Owned', '', '', '86400', 'Active', '0000-00-00 00:00:00', '0000-00-00 00:00:00', 0, 0),
(1156, 2, 'G22-12SP-C-FM03', '12 Sheet', 'digital', 11, 'Metro Owned', '', '', '86400', 'Active', '0000-00-00 00:00:00', '0000-00-00 00:00:00', 0, 0),
(1157, 2, 'G23-12SP-C-FM01', '12 Sheet', 'digital', 12, 'Metro Owned', '', '', '86400', 'Active', '0000-00-00 00:00:00', '0000-00-00 00:00:00', 0, 0),
(1158, 2, 'G24-12SP-C-FM01', '12 Sheet', 'digital', 13, 'Metro Owned', '', '', '86400', 'Active', '0000-00-00 00:00:00', '0000-00-00 00:00:00', 0, 0),
(1159, 2, 'G25-12SP-C-FM01', '12 Sheet', 'digital', 14, 'Metro Owned', '', '', '86400', 'Active', '0000-00-00 00:00:00', '0000-00-00 00:00:00', 0, 0),
(1160, 2, 'G25-12SP-C-FM03', '12 Sheet', 'digital', 14, 'Metro Owned', '', '', '86400', 'Active', '0000-00-00 00:00:00', '0000-00-00 00:00:00', 0, 0),
(1161, 2, 'G27-12SP-C-FM02', '12 Sheet', 'digital', 15, 'Metro Owned', '', '', '86400', 'Active', '0000-00-00 00:00:00', '0000-00-00 00:00:00', 0, 0),
(1162, 2, 'G28-12SP-C-FM03', '12 Sheet', 'digital', 16, 'Metro Owned', '', '', '86400', 'Active', '0000-00-00 00:00:00', '0000-00-00 00:00:00', 0, 0),
(1163, 2, 'G28-12SP-C-FM05', '12 Sheet', 'digital', 16, 'Metro Owned', '', '', '86400', 'Active', '0000-00-00 00:00:00', '0000-00-00 00:00:00', 0, 0),
(1164, 2, 'G29-12SP-C-FM02', '12 Sheet', 'digital', 17, 'Metro Owned', '', '', '86400', 'Active', '0000-00-00 00:00:00', '0000-00-00 00:00:00', 0, 0),
(1165, 2, 'G30-12SP-C-FM04', '12 Sheet', 'digital', 18, 'Metro Owned', '', '', '86400', 'Active', '0000-00-00 00:00:00', '0000-00-00 00:00:00', 0, 0),
(1166, 2, 'R11-12SP-C-FM03', '12 Sheet', 'digital', 19, 'Metro Owned', '', '', '86400', 'Active', '0000-00-00 00:00:00', '0000-00-00 00:00:00', 0, 0),
(1167, 2, 'R11-12SP-C-FM04', '12 Sheet', 'digital', 19, 'Metro Owned', '', '', '86400', 'Active', '0000-00-00 00:00:00', '0000-00-00 00:00:00', 0, 0),
(1168, 2, 'R11-12SP-C-FM05', '12 Sheet', 'digital', 19, 'Metro Owned', '', '', '86400', 'Active', '0000-00-00 00:00:00', '0000-00-00 00:00:00', 0, 0),
(1169, 2, 'R11-12SP-I-FM01', '12 Sheet', 'digital', 19, 'Metro Owned', '', '', '86400', 'Active', '0000-00-00 00:00:00', '0000-00-00 00:00:00', 0, 0),
(1170, 2, 'R12-12SP-C-FM03', '12 Sheet', 'digital', 20, 'Metro Owned', '', '', '86400', 'Active', '0000-00-00 00:00:00', '0000-00-00 00:00:00', 0, 0),
(1171, 2, 'R13-12SP-C-FM02', '12 Sheet', 'digital', 21, 'Metro Owned', '', '', '86400', 'Active', '0000-00-00 00:00:00', '0000-00-00 00:00:00', 0, 0),
(1172, 2, 'R13-12SP-C-FM04', '12 Sheet', 'digital', 21, 'Metro Owned', '', '', '86400', 'Active', '0000-00-00 00:00:00', '0000-00-00 00:00:00', 0, 0),
(1173, 2, 'R13-12SP-C-FM05', '12 Sheet', 'digital', 21, 'Metro Owned', '', '', '86400', 'Active', '0000-00-00 00:00:00', '0000-00-00 00:00:00', 0, 0),
(1174, 2, 'R14-12SP-C-FM06', '12 Sheet', 'digital', 22, 'Metro Owned', '', '', '86400', 'Active', '0000-00-00 00:00:00', '0000-00-00 00:00:00', 0, 0),
(1175, 2, 'R14-12SP-C-FM07', '12 Sheet', 'digital', 22, 'Metro Owned', '', '', '86400', 'Active', '0000-00-00 00:00:00', '0000-00-00 00:00:00', 0, 0),
(1176, 2, 'R15-12SP-C-FM02', '12 Sheet', 'digital', 23, 'Metro Owned', '', '', '86400', 'Active', '0000-00-00 00:00:00', '0000-00-00 00:00:00', 0, 0),
(1177, 2, 'R16-12SP-C-FM06', '12 Sheet', 'digital', 24, 'Metro Owned', '', '', '86400', 'Active', '0000-00-00 00:00:00', '0000-00-00 00:00:00', 0, 0),
(1178, 2, 'R16-12SP-C-FM07', '12 Sheet', 'digital', 24, 'Metro Owned', '', '', '86400', 'Active', '0000-00-00 00:00:00', '0000-00-00 00:00:00', 0, 0),
(1179, 2, 'R16-12SP-C-FM08', '12 Sheet', 'digital', 24, 'Metro Owned', '', '', '86400', 'Active', '0000-00-00 00:00:00', '0000-00-00 00:00:00', 0, 0),
(1180, 2, 'R16-12SP-C-FM10', '12 Sheet', 'digital', 24, 'Metro Owned', '', '', '86400', 'Active', '0000-00-00 00:00:00', '0000-00-00 00:00:00', 0, 0),
(1181, 2, 'R16-12SP-C-FM11', '12 Sheet', 'digital', 24, 'Metro Owned', '', '', '86400', 'Active', '0000-00-00 00:00:00', '0000-00-00 00:00:00', 0, 0),
(1182, 2, 'R16-12SP-C-FM14', '12 Sheet', 'digital', 24, 'Metro Owned', '', '', '86400', 'Active', '0000-00-00 00:00:00', '0000-00-00 00:00:00', 0, 0),
(1183, 2, 'R17-12SP-C-FM01', '12 Sheet', 'digital', 25, 'Metro Owned', '', '', '86400', 'Active', '0000-00-00 00:00:00', '0000-00-00 00:00:00', 0, 0),
(1184, 2, 'R17-12SP-C-FM02', '12 Sheet', 'digital', 25, 'Metro Owned', '', '', '86400', 'Active', '0000-00-00 00:00:00', '0000-00-00 00:00:00', 0, 0),
(1185, 2, 'R17-12SP-C-FM04', '12 Sheet', 'digital', 25, 'Metro Owned', '', '', '86400', 'Active', '0000-00-00 00:00:00', '0000-00-00 00:00:00', 0, 0),
(1186, 2, 'R17-12SP-C-FM05', '12 Sheet', 'digital', 25, 'Metro Owned', '', '', '86400', 'Active', '0000-00-00 00:00:00', '0000-00-00 00:00:00', 0, 0),
(1187, 2, 'R18-12SP-C-FM01', '12 Sheet', 'digital', 26, 'Metro Owned', '', '', '86400', 'Active', '0000-00-00 00:00:00', '0000-00-00 00:00:00', 0, 0),
(1188, 2, 'R18-12SP-C-FM02', '12 Sheet', 'digital', 26, 'Metro Owned', '', '', '86400', 'Active', '0000-00-00 00:00:00', '0000-00-00 00:00:00', 0, 0),
(1189, 2, 'R18-12SP-P-FM06', '12 Sheet', 'digital', 26, 'Metro Owned', '', '', '86400', 'Active', '0000-00-00 00:00:00', '0000-00-00 00:00:00', 0, 0),
(1190, 2, 'R18-12SP-P-FM08', '12 Sheet', 'digital', 26, 'Metro Owned', '', '', '86400', 'Active', '0000-00-00 00:00:00', '0000-00-00 00:00:00', 0, 0),
(1191, 2, 'R19-12SP-EG-FM02', '12 Sheet', 'digital', 27, 'Metro Owned', '', '', '86400', 'Active', '0000-00-00 00:00:00', '0000-00-00 00:00:00', 0, 0),
(1192, 2, 'R19-12SP-EG-FM03', '12 Sheet', 'digital', 27, 'Metro Owned', '', '', '86400', 'Active', '0000-00-00 00:00:00', '0000-00-00 00:00:00', 0, 0),
(1193, 2, 'R19-12SP-EG-FM06', '12 Sheet', 'digital', 27, 'Metro Owned', '', '', '86400', 'Active', '0000-00-00 00:00:00', '0000-00-00 00:00:00', 0, 0),
(1194, 2, 'R19-12SP-EG-FM07', '12 Sheet', 'digital', 27, 'Metro Owned', '', '', '86400', 'Active', '0000-00-00 00:00:00', '0000-00-00 00:00:00', 0, 0),
(1195, 2, 'R19-12SP-C-WM10', '12 Sheet', 'digital', 27, 'Metro Owned', '', '', '86400', 'Active', '0000-00-00 00:00:00', '0000-00-00 00:00:00', 0, 0),
(1196, 2, 'R19-12SP-C-WM15', '12 Sheet', 'digital', 27, 'Metro Owned', '', '', '86400', 'Active', '0000-00-00 00:00:00', '0000-00-00 00:00:00', 0, 0),
(1197, 2, 'R20-12SP-C-FM04', '12 Sheet', 'digital', 28, 'Metro Owned', '', '', '86400', 'Active', '0000-00-00 00:00:00', '0000-00-00 00:00:00', 0, 0),
(1198, 2, 'R20-12SP-C-FM06', '12 Sheet', 'digital', 28, 'Metro Owned', '', '', '86400', 'Active', '0000-00-00 00:00:00', '0000-00-00 00:00:00', 0, 0),
(1199, 2, 'R21-12SP-C-FM02', '12 Sheet', 'digital', 29, 'Metro Owned', '', '', '86400', 'Active', '0000-00-00 00:00:00', '0000-00-00 00:00:00', 0, 0),
(1200, 2, 'R21-12SP-C-FM04', '12 Sheet', 'digital', 29, 'Metro Owned', '', '', '86400', 'Active', '0000-00-00 00:00:00', '0000-00-00 00:00:00', 0, 0),
(1201, 2, 'R21-12SP-FB-FM01', '12 Sheet', 'digital', 29, 'Metro Owned', '', '', '86400', 'Active', '0000-00-00 00:00:00', '0000-00-00 00:00:00', 0, 0),
(1202, 2, 'R22-12SP-C-FM03', '12 Sheet', 'digital', 30, 'Metro Owned', '', '', '86400', 'Active', '0000-00-00 00:00:00', '0000-00-00 00:00:00', 0, 0),
(1203, 2, 'R22-12SP-C-FM05', '12 Sheet', 'digital', 30, 'Metro Owned', '', '', '86400', 'Active', '0000-00-00 00:00:00', '0000-00-00 00:00:00', 0, 0),
(1204, 2, 'R22-12SP-FB-FM01', '12 Sheet', 'digital', 30, 'Metro Owned', '', '', '86400', 'Active', '0000-00-00 00:00:00', '0000-00-00 00:00:00', 0, 0),
(1205, 2, 'R22-12SP-I-FM02', '12 Sheet', 'digital', 30, 'Metro Owned', '', '', '86400', 'Active', '0000-00-00 00:00:00', '0000-00-00 00:00:00', 0, 0),
(1206, 2, 'R23-12SP-C-FM01', '12 Sheet', 'digital', 31, 'Metro Owned', '', '', '86400', 'Active', '0000-00-00 00:00:00', '0000-00-00 00:00:00', 0, 0),
(1207, 2, 'R23-12SP-C-FM02', '12 Sheet', 'digital', 31, 'Metro Owned', '', '', '86400', 'Active', '0000-00-00 00:00:00', '0000-00-00 00:00:00', 0, 0),
(1208, 2, 'R23-12SP-C-FM04', '12 Sheet', 'digital', 31, 'Metro Owned', '', '', '86400', 'Active', '0000-00-00 00:00:00', '0000-00-00 00:00:00', 0, 0),
(1209, 2, 'R24-12SP-C-FM06', '12 Sheet', 'digital', 32, 'Metro Owned', '', '', '86400', 'Active', '0000-00-00 00:00:00', '0000-00-00 00:00:00', 0, 0),
(1210, 2, 'R24-12SP-C-FM07', '12 Sheet', 'digital', 32, 'Metro Owned', '', '', '86400', 'Active', '0000-00-00 00:00:00', '0000-00-00 00:00:00', 0, 0),
(1211, 2, 'R24-12SP-C-FM08', '12 Sheet', 'digital', 32, 'Metro Owned', '', '', '86400', 'Active', '0000-00-00 00:00:00', '0000-00-00 00:00:00', 0, 0),
(1212, 2, 'R25-12SD-P-FM01', '12 Sheet', 'digital', 33, 'Metro Owned', '', '', '86400', 'Active', '0000-00-00 00:00:00', '0000-00-00 00:00:00', 0, 0),
(1213, 2, 'R25-12SD-P-FM04', '12 Sheet', 'digital', 33, 'Metro Owned', '', '', '86400', 'Active', '0000-00-00 00:00:00', '0000-00-00 00:00:00', 0, 0),
(1214, 2, 'R25-12SP-C-FM01', '12 Sheet', 'digital', 33, 'Metro Owned', '', '', '86400', 'Active', '0000-00-00 00:00:00', '0000-00-00 00:00:00', 0, 0),
(1215, 2, 'R25-12SP-C-FM03', '12 Sheet', 'digital', 33, 'Metro Owned', '', '', '86400', 'Active', '0000-00-00 00:00:00', '0000-00-00 00:00:00', 0, 0),
(1216, 2, 'R25-12SP-C-FM04', '12 Sheet', 'digital', 33, 'Metro Owned', '', '', '86400', 'Active', '0000-00-00 00:00:00', '0000-00-00 00:00:00', 0, 0),
(1217, 2, 'R25-12LED-C-FM02', '12 Sheet', 'digital', 33, 'Metro Owned', '', '', '86400', 'Active', '0000-00-00 00:00:00', '0000-00-00 00:00:00', 0, 0),
(1223, 2, 'R26-12SP-C-FM02', '12 Sheet', 'digital', 34, 'Metro Owned', '', '', '86400', 'Active', '0000-00-00 00:00:00', '0000-00-00 00:00:00', 0, 0),
(1224, 2, 'R26-12SP-C-FM04', '12 Sheet', 'digital', 34, 'Metro Owned', '', '', '86400', 'Active', '0000-00-00 00:00:00', '0000-00-00 00:00:00', 0, 0),
(1225, 2, 'R26-12SP-FB-FM01', '12 Sheet', 'digital', 34, 'Metro Owned', '', '', '86400', 'Active', '0000-00-00 00:00:00', '0000-00-00 00:00:00', 0, 0),
(1226, 2, 'R29-12SP-C-FM03', '12 Sheet', 'digital', 35, 'Metro Owned', '', '', '86400', 'Active', '0000-00-00 00:00:00', '0000-00-00 00:00:00', 0, 0),
(1227, 2, 'R29-12SP-C-FM05', '12 Sheet', 'digital', 35, 'Metro Owned', '', '', '86400', 'Active', '0000-00-00 00:00:00', '0000-00-00 00:00:00', 0, 0),
(1228, 2, 'R31-12SP-C-FM04', '12 Sheet', 'digital', 36, 'Metro Owned', '', '', '86400', 'Active', '0000-00-00 00:00:00', '0000-00-00 00:00:00', 0, 0),
(1229, 2, 'R31-12SP-C-FM06', '12 Sheet', 'digital', 36, 'Metro Owned', '', '', '86400', 'Active', '0000-00-00 00:00:00', '0000-00-00 00:00:00', 0, 0),
(1230, 2, 'R32-12SP-C-FM07', '12 Sheet', 'digital', 37, 'Metro Owned', '', '', '86400', 'Active', '0000-00-00 00:00:00', '0000-00-00 00:00:00', 0, 0),
(1231, 2, 'R32-12SP-C-FM08', '12 Sheet', 'digital', 37, 'Metro Owned', '', '', '86400', 'Active', '0000-00-00 00:00:00', '0000-00-00 00:00:00', 0, 0),
(1232, 2, 'R32-12SP-C-FM09', '12 Sheet', 'digital', 37, 'Metro Owned', '', '', '86400', 'Active', '0000-00-00 00:00:00', '0000-00-00 00:00:00', 0, 0),
(1233, 2, 'R32-12SP-C-FM10', '12 Sheet', 'digital', 37, 'Metro Owned', '', '', '86400', 'Active', '0000-00-00 00:00:00', '0000-00-00 00:00:00', 0, 0),
(1234, 2, 'R32-12SP-FB-FM04', '12 Sheet', 'digital', 37, 'Metro Owned', '', '', '86400', 'Active', '0000-00-00 00:00:00', '0000-00-00 00:00:00', 0, 0),
(1235, 2, 'R32-12SP-FB-FM05', '12 Sheet', 'digital', 37, 'Metro Owned', '', '', '86400', 'Active', '0000-00-00 00:00:00', '0000-00-00 00:00:00', 0, 0),
(1241, 2, 'R33-12SP-C-FM02', '12 Sheet', 'digital', 38, 'Metro Owned', '', '', '86400', 'Active', '0000-00-00 00:00:00', '0000-00-00 00:00:00', 0, 0),
(1242, 2, 'R33-12SP-C-FM04', '12 Sheet', 'digital', 38, 'Metro Owned', '', '', '86400', 'Active', '0000-00-00 00:00:00', '0000-00-00 00:00:00', 0, 0),
(1243, 2, 'R34-12SP-C-FM01', '12 Sheet', 'digital', 39, 'Metro Owned', '', '', '86400', 'Active', '0000-00-00 00:00:00', '0000-00-00 00:00:00', 0, 0),
(1244, 2, 'R34-12SP-C-FM02', '12 Sheet', 'digital', 39, 'Metro Owned', '', '', '86400', 'Active', '0000-00-00 00:00:00', '0000-00-00 00:00:00', 0, 0),
(1245, 2, 'R34-12SP-C-FM04', '12 Sheet', 'digital', 40, 'Metro Owned', '', '', '86400', 'Active', '0000-00-00 00:00:00', '0000-00-00 00:00:00', 0, 0),
(1246, 2, 'R35-12SP-C-FM03', '12 Sheet', 'digital', 40, 'Metro Owned', '', '', '86400', 'Active', '0000-00-00 00:00:00', '0000-00-00 00:00:00', 0, 0),
(1247, 2, 'R35-12SP-C-FM05', '12 Sheet', 'digital', 40, 'Metro Owned', '', '', '86400', 'Active', '0000-00-00 00:00:00', '0000-00-00 00:00:00', 0, 0),
(1248, 2, 'R36-12SP-C-FM06', '12 Sheet', 'digital', 41, 'Metro Owned', '', '', '86400', 'Active', '0000-00-00 00:00:00', '0000-00-00 00:00:00', 0, 0),
(1249, 2, 'R36-12SP-C-FM08', '12 Sheet', 'digital', 41, 'Metro Owned', '', '', '86400', 'Active', '0000-00-00 00:00:00', '0000-00-00 00:00:00', 0, 0),
(1250, 2, 'R37-12SP-C-FM04', '12 Sheet', 'digital', 42, 'Metro Owned', '', '', '86400', 'Active', '0000-00-00 00:00:00', '0000-00-00 00:00:00', 0, 0),
(1251, 2, 'R37-12SP-C-FM05', '12 Sheet', 'digital', 42, 'Metro Owned', '', '', '86400', 'Active', '0000-00-00 00:00:00', '0000-00-00 00:00:00', 0, 0),
(1252, 2, 'R37-12SP-C-FM06', '12 Sheet', 'digital', 42, 'Metro Owned', '', '', '86400', 'Active', '0000-00-00 00:00:00', '0000-00-00 00:00:00', 0, 0),
(1253, 2, 'R37-12SP-C-FM07', '12 Sheet', 'digital', 42, 'Metro Owned', '', '', '86400', 'Active', '0000-00-00 00:00:00', '0000-00-00 00:00:00', 0, 0),
(1254, 2, 'R38-12SP-C-FM06', '12 Sheet', 'digital', 43, 'Metro Owned', '', '', '86400', 'Active', '0000-00-00 00:00:00', '0000-00-00 00:00:00', 0, 0),
(1256, 2, 'R39-12SP-C-FM02', '12 Sheet', 'digital', 44, 'Metro Owned', '', '', '86400', 'Active', '0000-00-00 00:00:00', '0000-00-00 00:00:00', 0, 0),
(1257, 2, 'R39-12SP-C-FM04', '12 Sheet', 'digital', 44, 'Metro Owned', '', '', '86400', 'Active', '0000-00-00 00:00:00', '0000-00-00 00:00:00', 0, 0),
(1258, 2, 'R40-12SP-C-FM04', '12 Sheet', 'digital', 45, 'Metro Owned', '', '', '86400', 'Active', '0000-00-00 00:00:00', '0000-00-00 00:00:00', 0, 0),
(1259, 2, 'R41-12SP-C-FM01', '12 Sheet', 'digital', 46, 'Metro Owned', '', '', '86400', 'Active', '0000-00-00 00:00:00', '0000-00-00 00:00:00', 0, 0),
(1260, 2, 'R42-12SP-C-FM03', '12 Sheet', 'digital', 47, 'Metro Owned', '', '', '86400', 'Active', '0000-00-00 00:00:00', '0000-00-00 00:00:00', 0, 0),
(1261, 2, 'R26-FBP-AUH-01', '2 Bridges', 'digital', 72, 'Metro Owned', '', '', '86400', 'Active', '0000-00-00 00:00:00', '0000-00-00 00:00:00', 0, 0),
(1262, 2, 'R26-FBP-DXB-01', '2 Bridges', 'digital', 72, 'Metro Owned', '', '', '86400', 'Active', '0000-00-00 00:00:00', '0000-00-00 00:00:00', 0, 0),
(1263, 2, 'R31-FBP-AUH-01', '2 Bridges', 'digital', 59, 'Metro Owned', '', '', '86400', 'Active', '0000-00-00 00:00:00', '0000-00-00 00:00:00', 0, 0),
(1264, 2, 'R34-FBP-AUH-01', '2 Bridges', 'digital', 90, 'Metro Owned', '', '', '86400', 'Active', '0000-00-00 00:00:00', '0000-00-00 00:00:00', 0, 0),
(1265, 2, 'R34-FBP-DXB-01', '2 Bridges', 'digital', 90, 'Metro Owned', '', '', '86400', 'Active', '0000-00-00 00:00:00', '0000-00-00 00:00:00', 0, 0),
(1266, 2, 'R35-FBP-AUH-01', '2 Bridges', 'digital', 91, 'Metro Owned', '', '', '86400', 'Active', '0000-00-00 00:00:00', '0000-00-00 00:00:00', 0, 0),
(1267, 2, 'R38-FBP-AUH-01', '2 Bridges', 'digital', 73, 'Metro Owned', '', '', '86400', 'Active', '0000-00-00 00:00:00', '0000-00-00 00:00:00', 0, 0),
(1268, 2, 'R38-FBP-DXB-01', '2 Bridges', 'digital', 73, 'Metro Owned', '', '', '86400', 'Active', '0000-00-00 00:00:00', '0000-00-00 00:00:00', 0, 0),
(1269, 2, 'R40-FBP-DXB-01', '2 Bridges', 'digital', 93, 'Metro Owned', '', '', '86400', 'Active', '0000-00-00 00:00:00', '0000-00-00 00:00:00', 0, 0),
(1270, 2, 'R41-FBP-DXB-01', '2 Bridges', 'digital', 74, 'Metro Owned', '', '', '86400', 'Active', '0000-00-00 00:00:00', '0000-00-00 00:00:00', 0, 0),
(1271, 2, 'AUH-LED-1', '2 Bridges', 'digital', 94, 'Metro Owned', '', '', '86400', 'Active', '0000-00-00 00:00:00', '0000-00-00 00:00:00', 0, 0),
(1272, 2, 'DXB-LED-1', '2 Bridges', 'digital', 94, 'Metro Owned', '', '', '86400', 'Active', '0000-00-00 00:00:00', '0000-00-00 00:00:00', 0, 0),
(1273, 2, 'R38-LB-01', 'LED Banner', 'digital', 43, 'Metro Owned', '', '', '86400', 'Active', '0000-00-00 00:00:00', '0000-00-00 00:00:00', 0, 0),
(1274, 2, 'R38-LB-02', 'LED Banner', 'digital', 43, 'Metro Owned', '', '', '86400', 'Active', '0000-00-00 00:00:00', '0000-00-00 00:00:00', 0, 0),
(1275, 2, 'R38-LB-03', 'LED Banner', 'digital', 43, 'Metro Owned', '', '', '86400', 'Active', '0000-00-00 00:00:00', '0000-00-00 00:00:00', 0, 0),
(1276, 2, 'R38-LB-04', 'LED Banner', 'digital', 43, 'Metro Owned', '', '', '86400', 'Active', '0000-00-00 00:00:00', '0000-00-00 00:00:00', 0, 0),
(1277, 2, 'R38-LDP-01', 'Large Digital Portrait', 'digital', 43, 'Metro Owned', '', '', '86400', 'Active', '0000-00-00 00:00:00', '0000-00-00 00:00:00', 0, 0),
(1278, 2, 'R38-LDP-02', 'Large Digital Portrait', 'digital', 43, 'Metro Owned', '', '', '86400', 'Active', '0000-00-00 00:00:00', '0000-00-00 00:00:00', 0, 0),
(1279, 2, 'R38-LDP-03', 'Large Digital Portrait', 'digital', 43, 'Metro Owned', '', '', '86400', 'Active', '0000-00-00 00:00:00', '0000-00-00 00:00:00', 0, 0),
(1280, 2, 'R38-LDP-04', 'Large Digital Portrait', 'digital', 43, 'Metro Owned', '', '', '86400', 'Active', '0000-00-00 00:00:00', '0000-00-00 00:00:00', 0, 0),
(1281, 2, 'R38-LDP-05', 'Large Digital Portrait', 'digital', 43, 'Metro Owned', '', '', '86400', 'Active', '0000-00-00 00:00:00', '0000-00-00 00:00:00', 0, 0),
(1282, 2, 'R38-LDP-06', 'Large Digital Portrait', 'digital', 43, 'Metro Owned', '', '', '86400', 'Active', '0000-00-00 00:00:00', '0000-00-00 00:00:00', 0, 0),
(1283, 2, 'R38-LDP-07', 'Large Digital Portrait', 'digital', 43, 'Metro Owned', '', '', '86400', 'Active', '0000-00-00 00:00:00', '0000-00-00 00:00:00', 0, 0),
(1284, 2, 'R38-LDP-08', 'Large Digital Portrait', 'digital', 43, 'Metro Owned', '', '', '86400', 'Active', '0000-00-00 00:00:00', '0000-00-00 00:00:00', 0, 0),
(1285, 2, 'R38-DT-01', 'Digital Totem', 'digital', 43, 'Metro Owned', '', '', '86400', 'Active', '0000-00-00 00:00:00', '0000-00-00 00:00:00', 0, 0),
(1286, 2, 'R38-DT-02', 'Digital Totem', 'digital', 43, 'Metro Owned', '', '', '86400', 'Active', '0000-00-00 00:00:00', '0000-00-00 00:00:00', 0, 0),
(1287, 2, 'R38-DT-03', 'Digital Totem', 'digital', 43, 'Metro Owned', '', '', '86400', 'Active', '0000-00-00 00:00:00', '0000-00-00 00:00:00', 0, 0),
(1288, 2, 'R38-DT-04', 'Digital Totem', 'digital', 43, 'Metro Owned', '', '', '86400', 'Active', '0000-00-00 00:00:00', '0000-00-00 00:00:00', 0, 0),
(1289, 2, 'R70-LB-01', 'LED Banner', 'digital', 95, 'Metro Owned', '', '', '86400', 'Active', '0000-00-00 00:00:00', '0000-00-00 00:00:00', 0, 0),
(1290, 2, 'R70-LB-02', 'LED Banner', 'digital', 95, 'Metro Owned', '', '', '86400', 'Active', '0000-00-00 00:00:00', '0000-00-00 00:00:00', 0, 0),
(1291, 2, 'R70-LB-03', 'LED Banner', 'digital', 95, 'Metro Owned', '', '', '86400', 'Active', '0000-00-00 00:00:00', '0000-00-00 00:00:00', 0, 0),
(1292, 2, 'R70-LB-04', 'LED Banner', 'digital', 95, 'Metro Owned', '', '', '86400', 'Active', '0000-00-00 00:00:00', '0000-00-00 00:00:00', 0, 0),
(1293, 2, 'R70-LDP-01', 'Large Digital Portrait', 'digital', 95, 'Metro Owned', '', '', '86400', 'Active', '0000-00-00 00:00:00', '0000-00-00 00:00:00', 0, 0),
(1294, 2, 'R70-LDP-02', 'Large Digital Portrait', 'digital', 95, 'Metro Owned', '', '', '86400', 'Active', '0000-00-00 00:00:00', '0000-00-00 00:00:00', 0, 0),
(1295, 2, 'R70-LDP-03', 'Large Digital Portrait', 'digital', 95, 'Metro Owned', '', '', '86400', 'Active', '0000-00-00 00:00:00', '0000-00-00 00:00:00', 0, 0),
(1296, 2, 'R70-LDP-04', 'Large Digital Portrait', 'digital', 95, 'Metro Owned', '', '', '86400', 'Active', '0000-00-00 00:00:00', '0000-00-00 00:00:00', 0, 0),
(1297, 2, 'R70-DP-01', 'Digital Portrait', 'digital', 95, 'Metro Owned', '', '', '86400', 'Active', '0000-00-00 00:00:00', '0000-00-00 00:00:00', 0, 0),
(1298, 2, 'R70-DP-02', 'Digital Portrait', 'digital', 95, 'Metro Owned', '', '', '86400', 'Active', '0000-00-00 00:00:00', '0000-00-00 00:00:00', 0, 0),
(1299, 2, 'R70-DP-03', 'Digital Portrait', 'digital', 95, 'Metro Owned', '', '', '86400', 'Active', '0000-00-00 00:00:00', '0000-00-00 00:00:00', 0, 0),
(1300, 2, 'R70-DP-04', 'Digital Portrait', 'digital', 95, 'Metro Owned', '', '', '86400', 'Active', '0000-00-00 00:00:00', '0000-00-00 00:00:00', 0, 0),
(1301, 2, 'R71-LB-01', 'LED Banner', 'digital', 96, 'Metro Owned', '', '', '86400', 'Active', '0000-00-00 00:00:00', '0000-00-00 00:00:00', 0, 0),
(1302, 2, 'R71-LB-02', 'LED Banner', 'digital', 96, 'Metro Owned', '', '', '86400', 'Active', '0000-00-00 00:00:00', '0000-00-00 00:00:00', 0, 0),
(1303, 2, 'R71-LB-03', 'LED Banner', 'digital', 96, 'Metro Owned', '', '', '86400', 'Active', '0000-00-00 00:00:00', '0000-00-00 00:00:00', 0, 0),
(1304, 2, 'R71-LB-04', 'LED Banner', 'digital', 96, 'Metro Owned', '', '', '86400', 'Active', '0000-00-00 00:00:00', '0000-00-00 00:00:00', 0, 0),
(1305, 2, 'R71-LDP-01', 'Large Digital Portrait', 'digital', 96, 'Metro Owned', '', '', '86400', 'Active', '0000-00-00 00:00:00', '0000-00-00 00:00:00', 0, 0),
(1306, 2, 'R71-LDP-02', 'Large Digital Portrait', 'digital', 96, 'Metro Owned', '', '', '86400', 'Active', '0000-00-00 00:00:00', '0000-00-00 00:00:00', 0, 0),
(1307, 2, 'R71-LDP-03', 'Large Digital Portrait', 'digital', 96, 'Metro Owned', '', '', '86400', 'Active', '0000-00-00 00:00:00', '0000-00-00 00:00:00', 0, 0),
(1308, 2, 'R71-LDP-04', 'Large Digital Portrait', 'digital', 96, 'Metro Owned', '', '', '86400', 'Active', '0000-00-00 00:00:00', '0000-00-00 00:00:00', 0, 0),
(1309, 2, 'R71-DP-01', 'Digital Portrait', 'digital', 96, 'Metro Owned', '', '', '86400', 'Active', '0000-00-00 00:00:00', '0000-00-00 00:00:00', 0, 0),
(1310, 2, 'R71-DP-02', 'Digital Portrait', 'digital', 96, 'Metro Owned', '', '', '86400', 'Active', '0000-00-00 00:00:00', '0000-00-00 00:00:00', 0, 0),
(1311, 2, 'R71-DP-03', 'Digital Portrait', 'digital', 96, 'Metro Owned', '', '', '86400', 'Active', '0000-00-00 00:00:00', '0000-00-00 00:00:00', 0, 0),
(1312, 2, 'R71-DP-04', 'Digital Portrait', 'digital', 96, 'Metro Owned', '', '', '86400', 'Active', '0000-00-00 00:00:00', '0000-00-00 00:00:00', 0, 0),
(1313, 2, 'R72-LB-01', 'LED Banner', 'digital', 97, 'Metro Owned', '', '', '86400', 'Active', '0000-00-00 00:00:00', '0000-00-00 00:00:00', 0, 0),
(1314, 2, 'R72-LB-02', 'LED Banner', 'digital', 97, 'Metro Owned', '', '', '86400', 'Active', '0000-00-00 00:00:00', '0000-00-00 00:00:00', 0, 0),
(1315, 2, 'R72-LB-03', 'LED Banner', 'digital', 97, 'Metro Owned', '', '', '86400', 'Active', '0000-00-00 00:00:00', '0000-00-00 00:00:00', 0, 0),
(1316, 2, 'R72-LB-04', 'LED Banner', 'digital', 97, 'Metro Owned', '', '', '86400', 'Active', '0000-00-00 00:00:00', '0000-00-00 00:00:00', 0, 0),
(1317, 2, 'R72-LDP-01', 'Large Digital Portrait', 'digital', 97, 'Metro Owned', '', '', '86400', 'Active', '0000-00-00 00:00:00', '0000-00-00 00:00:00', 0, 0),
(1318, 2, 'R72-LDP-02', 'Large Digital Portrait', 'digital', 97, 'Metro Owned', '', '', '86400', 'Active', '0000-00-00 00:00:00', '0000-00-00 00:00:00', 0, 0),
(1319, 2, 'R72-LDP-03', 'Large Digital Portrait', 'digital', 97, 'Metro Owned', '', '', '86400', 'Active', '0000-00-00 00:00:00', '0000-00-00 00:00:00', 0, 0),
(1320, 2, 'R72-LDP-04', 'Large Digital Portrait', 'digital', 97, 'Metro Owned', '', '', '86400', 'Active', '0000-00-00 00:00:00', '0000-00-00 00:00:00', 0, 0),
(1321, 2, 'R72-DP-01', 'Digital Portrait', 'digital', 97, 'Metro Owned', '', '', '86400', 'Active', '0000-00-00 00:00:00', '0000-00-00 00:00:00', 0, 0),
(1322, 2, 'R72-DP-02', 'Digital Portrait', 'digital', 97, 'Metro Owned', '', '', '86400', 'Active', '0000-00-00 00:00:00', '0000-00-00 00:00:00', 0, 0),
(1323, 2, 'R72-DP-03', 'Digital Portrait', 'digital', 97, 'Metro Owned', '', '', '86400', 'Active', '0000-00-00 00:00:00', '0000-00-00 00:00:00', 0, 0),
(1324, 2, 'R72-DP-04', 'Digital Portrait', 'digital', 97, 'Metro Owned', '', '', '86400', 'Active', '0000-00-00 00:00:00', '0000-00-00 00:00:00', 0, 0),
(1325, 2, 'R73-LDP-01', 'Large Digital Portrait', 'digital', 98, 'Metro Owned', '', '', '86400', 'Active', '0000-00-00 00:00:00', '0000-00-00 00:00:00', 0, 0),
(1326, 2, 'R73-LDP-02', 'Large Digital Portrait', 'digital', 98, 'Metro Owned', '', '', '86400', 'Active', '0000-00-00 00:00:00', '0000-00-00 00:00:00', 0, 0),
(1327, 2, 'R73-LDP-03', 'Large Digital Portrait', 'digital', 98, 'Metro Owned', '', '', '86400', 'Active', '0000-00-00 00:00:00', '0000-00-00 00:00:00', 0, 0),
(1328, 2, 'R73-LDP-04', 'Large Digital Portrait', 'digital', 98, 'Metro Owned', '', '', '86400', 'Active', '0000-00-00 00:00:00', '0000-00-00 00:00:00', 0, 0),
(1329, 2, 'R73-LDP-05', 'Large Digital Portrait', 'digital', 98, 'Metro Owned', '', '', '86400', 'Active', '0000-00-00 00:00:00', '0000-00-00 00:00:00', 0, 0),
(1330, 2, 'R73-LDP-06', 'Large Digital Portrait', 'digital', 98, 'Metro Owned', '', '', '86400', 'Active', '0000-00-00 00:00:00', '0000-00-00 00:00:00', 0, 0),
(1331, 2, 'R73-LDP-07', 'Large Digital Portrait', 'digital', 98, 'Metro Owned', '', '', '86400', 'Active', '0000-00-00 00:00:00', '0000-00-00 00:00:00', 0, 0),
(1332, 2, 'R73-LDP-08', 'Large Digital Portrait', 'digital', 98, 'Metro Owned', '', '', '86400', 'Active', '0000-00-00 00:00:00', '0000-00-00 00:00:00', 0, 0),
(1333, 2, 'R74-LDP-01', 'Large Digital Portrait', 'digital', 99, 'Metro Owned', '', '', '86400', 'Active', '0000-00-00 00:00:00', '0000-00-00 00:00:00', 0, 0),
(1334, 2, 'R74-LDP-02', 'Large Digital Portrait', 'digital', 99, 'Metro Owned', '', '', '86400', 'Active', '0000-00-00 00:00:00', '0000-00-00 00:00:00', 0, 0),
(1335, 2, 'R74-LDP-03', 'Large Digital Portrait', 'digital', 99, 'Metro Owned', '', '', '86400', 'Active', '0000-00-00 00:00:00', '0000-00-00 00:00:00', 0, 0),
(1336, 2, 'R74-LDP-04', 'Large Digital Portrait', 'digital', 99, 'Metro Owned', '', '', '86400', 'Active', '0000-00-00 00:00:00', '0000-00-00 00:00:00', 0, 0),
(1337, 2, 'R74-LDP-05', 'Large Digital Portrait', 'digital', 99, 'Metro Owned', '', '', '86400', 'Active', '0000-00-00 00:00:00', '0000-00-00 00:00:00', 0, 0),
(1338, 2, 'R74-LDP-06', 'Large Digital Portrait', 'digital', 99, 'Metro Owned', '', '', '86400', 'Active', '0000-00-00 00:00:00', '0000-00-00 00:00:00', 0, 0),
(1339, 2, 'R74-LDP-07', 'Large Digital Portrait', 'digital', 99, 'Metro Owned', '', '', '86400', 'Active', '0000-00-00 00:00:00', '0000-00-00 00:00:00', 0, 0),
(1340, 2, 'R74-LDP-08', 'Large Digital Portrait', 'digital', 99, 'Metro Owned', '', '', '86400', 'Active', '0000-00-00 00:00:00', '0000-00-00 00:00:00', 0, 0),
(1342, 3, 'CCZ-FCS-LCD-17', 'Foodcourt LCD Screens', 'digital', 126, 'Mall Owned', '', '', '86400', 'Active', '0000-00-00 00:00:00', '0000-00-00 00:00:00', 0, 0),
(1343, 3, 'CCZ-FCS-LCD-18', 'Foodcourt LCD Screens', 'digital', 126, 'Mall Owned', '', '', '86400', 'Active', '0000-00-00 00:00:00', '0000-00-00 00:00:00', 0, 0),
(1344, 3, 'CCZ-FCS-LCD-19', 'Foodcourt LCD Screens', 'digital', 126, 'Mall Owned', '', '', '86400', 'Active', '0000-00-00 00:00:00', '0000-00-00 00:00:00', 0, 0),
(1345, 3, 'CCZ-FCS-LCD-20', 'Foodcourt LCD Screens', 'digital', 126, 'Mall Owned', '', '', '86400', 'Active', '0000-00-00 00:00:00', '0000-00-00 00:00:00', 0, 0);
INSERT INTO `assets` (`id`, `department_id`, `ref_no`, `name`, `type`, `location_id`, `owned_by`, `asset_photo`, `description`, `installation_time`, `status`, `created_at`, `updated_at`, `created_by`, `updated_by`) VALUES
(1346, 3, 'CCZ-FOH-01', 'FOH LED Screens', 'digital', 126, 'Mall Owned', '', '', '86400', 'Active', '0000-00-00 00:00:00', '0000-00-00 00:00:00', 0, 0),
(1347, 3, 'CCZ-FOH-02', 'FOH LED Screens', 'digital', 126, 'Mall Owned', '', '', '86400', 'Active', '0000-00-00 00:00:00', '0000-00-00 00:00:00', 0, 0),
(1348, 3, 'CCZ-FOH-03', 'FOH LED Screens', 'digital', 126, 'Mall Owned', '', '', '86400', 'Active', '0000-00-00 00:00:00', '0000-00-00 00:00:00', 0, 0),
(1349, 3, 'CCZ-FOH-04', 'FOH LED Screens', 'digital', 126, 'Mall Owned', '', '', '86400', 'Active', '0000-00-00 00:00:00', '0000-00-00 00:00:00', 0, 0),
(1350, 3, 'CCZ-FCS-LED-01', 'Foodcourt LED Screens', 'digital', 126, 'Mall Owned', '', '', '86400', 'Active', '0000-00-00 00:00:00', '0000-00-00 00:00:00', 0, 0),
(1351, 3, 'CCZ-FCS-LED-02', 'Foodcourt LED Screens', 'digital', 126, 'Mall Owned', '', '', '86400', 'Active', '0000-00-00 00:00:00', '0000-00-00 00:00:00', 0, 0),
(1352, 3, 'CCZ-FFL-01', 'First Floor LED Screens', 'digital', 126, 'Mall Owned', '', '', '86400', 'Active', '0000-00-00 00:00:00', '0000-00-00 00:00:00', 0, 0),
(1353, 3, 'CCZ-FFL-02', 'First Floor LED Screens', 'digital', 126, 'Mall Owned', '', '', '86400', 'Active', '0000-00-00 00:00:00', '0000-00-00 00:00:00', 0, 0),
(1354, 3, 'AJM-MUP-01', 'Mupi', 'digital', 102, 'Mall Owned', '', '', '86400', 'Active', '0000-00-00 00:00:00', '0000-00-00 00:00:00', 0, 0),
(1355, 3, 'AJM-MUP-02', 'Mupi', 'digital', 102, 'Mall Owned', '', '', '86400', 'Active', '0000-00-00 00:00:00', '0000-00-00 00:00:00', 0, 0),
(1356, 3, 'AJM-MUP-03', 'Mupi', 'digital', 102, 'Mall Owned', '', '', '86400', 'Active', '0000-00-00 00:00:00', '0000-00-00 00:00:00', 0, 0),
(1357, 3, 'AJM-MUP-04', 'Mupi', 'digital', 102, 'Mall Owned', '', '', '86400', 'Active', '0000-00-00 00:00:00', '0000-00-00 00:00:00', 0, 0),
(1358, 3, 'AJM-MUP-05', 'Mupi', 'digital', 102, 'Mall Owned', '', '', '86400', 'Active', '0000-00-00 00:00:00', '0000-00-00 00:00:00', 0, 0),
(1359, 3, 'AJM-MUP-06', 'Mupi', 'digital', 102, 'Mall Owned', '', '', '86400', 'Active', '0000-00-00 00:00:00', '0000-00-00 00:00:00', 0, 0),
(1362, 1, '260-b', 'Lamp Posts', 'static', 128, 'Metro Owned', '', '', '864000', 'Active', '0000-00-00 00:00:00', '0000-00-00 00:00:00', 0, 0),
(1363, 1, '273-b', 'Lamp Posts', 'static', 128, 'Metro Owned', '', '', '864000', 'Active', '0000-00-00 00:00:00', '0000-00-00 00:00:00', 0, 0),
(1364, 1, '285-b', 'Lamp Posts', 'static', 128, 'Metro Owned', '', '', '864000', 'Active', '0000-00-00 00:00:00', '0000-00-00 00:00:00', 0, 0),
(1365, 1, '294-b', 'Lamp Posts', 'static', 128, 'Metro Owned', '', '', '864000', 'Active', '0000-00-00 00:00:00', '0000-00-00 00:00:00', 0, 0),
(1366, 1, 'ST-OH-01', 'Hoarding', 'static', 129, 'Hypermedia', '', '', '864000', 'Active', '0000-00-00 00:00:00', '0000-00-00 00:00:00', 0, 0),
(1367, 1, 'WM-MLS-01', 'Mega LED Screen', 'digital', 130, 'Mall Owned', '', '', '86400', 'Active', '0000-00-00 00:00:00', '0000-00-00 00:00:00', 0, 0),
(1368, 1, 'NM-MLS-01', 'Mega LED Screen', 'digital', 131, 'Mall Owned', '', '', '86400', 'Active', '0000-00-00 00:00:00', '0000-00-00 00:00:00', 0, 0),
(1369, 1, 'NM-MLS-02', 'Mega LED Screen', 'digital', 131, 'Mall Owned', '', '', '86400', 'Active', '0000-00-00 00:00:00', '0000-00-00 00:00:00', 0, 0),
(1370, 1, 'NM-MLS-03', 'Mega LED Screen', 'digital', 131, 'Mall Owned', '', '', '86400', 'Active', '0000-00-00 00:00:00', '0000-00-00 00:00:00', 0, 0),
(1371, 1, 'NM-MLS-04', 'Mega LED Screen', 'digital', 131, 'Mall Owned', '', '', '86400', 'Active', '0000-00-00 00:00:00', '0000-00-00 00:00:00', 0, 0),
(1372, 1, 'BAN-CLS-01', 'Curved LED Screen', 'digital', 132, 'Mall Owned', '', '', '86400', 'Active', '0000-00-00 00:00:00', '0000-00-00 00:00:00', 0, 0),
(1373, 1, 'BAN-CLS-02', 'Curved LED Screen', 'digital', 132, 'Mall Owned', '', '', '86400', 'Active', '0000-00-00 00:00:00', '0000-00-00 00:00:00', 0, 0),
(1374, 1, 'BAN-CLS-03', 'Curved LED Screen', 'digital', 132, 'Mall Owned', '', '', '86400', 'Active', '0000-00-00 00:00:00', '0000-00-00 00:00:00', 0, 0),
(1375, 1, 'BAN-CLS-04', 'Curved LED Screen', 'digital', 132, 'Mall Owned', '', '', '86400', 'Active', '0000-00-00 00:00:00', '0000-00-00 00:00:00', 0, 0);

-- --------------------------------------------------------

--
-- Table structure for table `asset_in_network`
--

CREATE TABLE `asset_in_network` (
  `id` int NOT NULL,
  `asset_id` int NOT NULL,
  `network_id` int NOT NULL,
  `created_at` timestamp NULL DEFAULT NULL,
  `updated_at` timestamp NULL DEFAULT NULL,
  `created_by` int DEFAULT NULL,
  `updated_by` int DEFAULT NULL,
  `deleted_at` timestamp NULL DEFAULT NULL,
  `deleted_by` int DEFAULT NULL
) ENGINE=InnoDB DEFAULT CHARSET=utf8mb3;

-- --------------------------------------------------------

--
-- Table structure for table `asset_network`
--

CREATE TABLE `asset_network` (
  `id` int NOT NULL,
  `name` varchar(250) DEFAULT NULL,
  `status` varchar(150) DEFAULT NULL,
  `created_at` timestamp NULL DEFAULT NULL,
  `updated_at` timestamp NULL DEFAULT NULL,
  `created_by` int DEFAULT NULL,
  `updated_by` int DEFAULT NULL,
  `deleted_at` timestamp NULL DEFAULT NULL,
  `deleted_by` int DEFAULT NULL
) ENGINE=InnoDB DEFAULT CHARSET=utf8mb3;

-- --------------------------------------------------------

--
-- Table structure for table `asset_status`
--

CREATE TABLE `asset_status` (
  `id` int NOT NULL,
  `asset_id` int DEFAULT NULL,
  `campaign_id` int DEFAULT NULL,
  `from_date` timestamp NULL DEFAULT NULL,
  `to_date` timestamp NULL DEFAULT NULL,
  `comment` varchar(100) DEFAULT NULL,
  `status` varchar(250) DEFAULT NULL,
  `created_at` timestamp NULL DEFAULT NULL,
  `created_by` int DEFAULT NULL,
  `updated_at` timestamp NULL DEFAULT NULL,
  `updated_by` int DEFAULT NULL,
  `deleted_at` timestamp NULL DEFAULT NULL,
  `deleted_by` int DEFAULT NULL
) ENGINE=InnoDB DEFAULT CHARSET=utf8mb3;

--
-- Dumping data for table `asset_status`
--

INSERT INTO `asset_status` (`id`, `asset_id`, `campaign_id`, `from_date`, `to_date`, `comment`, `status`, `created_at`, `created_by`, `updated_at`, `updated_by`, `deleted_at`, `deleted_by`) VALUES
(1, 2, 29, '2022-06-12 23:59:59', '2022-08-20 00:00:00', 'Update', 'Booked', '2022-10-18 09:49:13', 1, '2022-10-18 10:00:55', 1, '2022-10-18 10:00:55', NULL),
(2, 2, 29, '2022-06-12 23:59:59', '2022-08-20 00:00:00', 'Update', 'Booked', '2022-10-18 10:00:55', 1, '2022-10-18 10:00:55', 1, NULL, NULL),
(3, 39, 30, '2022-10-18 23:59:59', '2022-10-30 00:00:00', 'New', 'Booked', '2022-10-18 12:10:59', 1, '2022-10-18 12:12:40', 1, '2022-10-18 12:12:40', NULL),
(4, 3, 30, '2022-10-18 23:59:59', '2022-10-30 00:00:00', 'New', 'Booked', '2022-10-18 12:10:59', 1, '2022-10-18 12:12:40', 1, '2022-10-18 12:12:40', NULL),
(5, 16, 30, '2022-10-18 23:59:59', '2022-10-30 00:00:00', 'New', 'Booked', '2022-10-18 12:10:59', 1, '2022-10-18 12:12:40', 1, '2022-10-18 12:12:40', NULL),
(6, 22, 30, '2022-10-18 23:59:59', '2022-10-30 00:00:00', 'New', 'Booked', '2022-10-18 12:10:59', 1, '2022-10-18 12:12:40', 1, '2022-10-18 12:12:40', NULL),
(7, 39, 30, '2022-10-18 23:59:59', '2022-10-30 00:00:00', 'Update', 'Booked', '2022-10-18 12:12:40', 1, '2022-10-18 12:12:40', 1, NULL, NULL),
(8, 3, 30, '2022-10-18 23:59:59', '2022-10-30 00:00:00', 'Update', 'Booked', '2022-10-18 12:12:40', 1, '2022-10-18 12:12:40', 1, NULL, NULL),
(9, 16, 30, '2022-10-18 23:59:59', '2022-10-30 00:00:00', 'Update', 'Booked', '2022-10-18 12:12:40', 1, '2022-10-18 12:12:40', 1, NULL, NULL),
(10, 22, 30, '2022-10-18 23:59:59', '2022-10-30 00:00:00', 'Update', 'Booked', '2022-10-18 12:12:40', 1, '2022-10-18 12:12:40', 1, NULL, NULL);

-- --------------------------------------------------------

--
-- Table structure for table `campaign`
--

CREATE TABLE `campaign` (
  `id` int NOT NULL,
  `name` varchar(300) DEFAULT NULL,
  `agency` varchar(250) DEFAULT NULL,
  `type` varchar(255) DEFAULT NULL,
  `client_name` varchar(250) DEFAULT NULL,
  `brand` varchar(250) DEFAULT NULL,
  `department_id` int DEFAULT NULL,
  `market` varchar(250) DEFAULT NULL,
  `booking_order_file` varchar(500) DEFAULT NULL,
  `contract_name` varchar(250) DEFAULT NULL,
  `contract_number` varchar(50) DEFAULT NULL,
  `description` text,
  `start_date` date DEFAULT NULL,
  `start_time` time DEFAULT NULL,
  `end_date` date DEFAULT NULL,
  `end_time` time DEFAULT NULL,
  `campaign_type` enum('Confirmed','Tentative') DEFAULT NULL,
  `payment_status` varchar(150) DEFAULT NULL,
  `booking_order` varchar(500) DEFAULT NULL,
  `status` varchar(50) DEFAULT NULL,
  `created_at` timestamp NULL DEFAULT NULL,
  `updated_at` timestamp NULL DEFAULT NULL,
  `deleted_at` datetime DEFAULT NULL,
  `created_by` int DEFAULT NULL,
  `updated_by` int DEFAULT NULL,
  `deleted_by` int DEFAULT NULL,
  `completed_at` timestamp NULL DEFAULT NULL
) ENGINE=InnoDB DEFAULT CHARSET=utf8mb3;

--
-- Dumping data for table `campaign`
--

INSERT INTO `campaign` (`id`, `name`, `agency`, `type`, `client_name`, `brand`, `department_id`, `market`, `booking_order_file`, `contract_name`, `contract_number`, `description`, `start_date`, `start_time`, `end_date`, `end_time`, `campaign_type`, `payment_status`, `booking_order`, `status`, `created_at`, `updated_at`, `deleted_at`, `created_by`, `updated_by`, `deleted_by`, `completed_at`) VALUES
(1, 'Skechers', 'Apparel Group', 'digital', '1', NULL, 3, 'UAE', NULL, 'Skechers', 'AUH - SO983', NULL, '2022-07-25', '00:00:00', '2022-09-04', '00:00:00', 'Confirmed', 'Pending', NULL, 'Active', '2022-08-22 10:50:33', '2022-08-22 10:50:33', NULL, 1, 1, NULL, NULL),
(2, 'Skechers', 'Apparel Group', 'digital', '1', NULL, 3, 'UAE', NULL, 'Skechers', 'AUH - SO983', NULL, '2022-07-25', '00:00:00', '2022-09-04', '00:00:00', 'Confirmed', 'Pending', NULL, 'Active', '2022-08-22 10:50:39', '2022-08-22 10:50:39', NULL, 1, 1, NULL, NULL),
(3, 'Skechers', 'Apparel Group', 'digital', '1', NULL, 3, 'UAE', NULL, 'Skechers', 'AUH - SO983', NULL, '2022-07-25', '00:00:00', '2022-09-04', '00:00:00', 'Confirmed', 'Pending', NULL, 'Active', '2022-08-22 10:50:40', '2022-08-22 10:50:40', NULL, 1, 1, NULL, NULL),
(4, 'Red Tag', 'Division of BMA International', 'Select', '1', NULL, 3, 'UAE', NULL, 'DAL - SO368', 'DAL - SO368', NULL, '2021-10-18', '00:00:00', '2022-10-17', '00:00:00', 'Confirmed', 'Pending', 'DAL - SO368', 'Active', '2022-08-23 08:48:56', '2022-08-23 08:48:56', NULL, 1, 1, NULL, NULL),
(5, 'Twenty4', 'Division of BMA International', 'Select', '1', NULL, 3, 'UAE', NULL, 'DAL - SO377', 'DAL - SO377', NULL, '2021-10-22', '00:00:00', '2022-10-21', '00:00:00', 'Confirmed', 'Pending', 'DAL - SO377', 'Not Started', '2022-08-23 08:50:11', '2022-08-23 08:50:11', NULL, 1, 1, NULL, NULL),
(6, 'Skechers', 'Apparel Group', 'Select', '1', NULL, 3, 'UAE', NULL, 'DAL - SO989', 'DAL - SO989', NULL, '2022-07-25', '00:00:00', '2022-09-04', '00:00:00', 'Confirmed', 'Pending', 'DAL - SO989', 'Not Started', '2022-08-23 08:53:24', '2022-08-23 08:53:24', NULL, 1, 1, NULL, NULL),
(7, 'Skechers', 'Apparel Group', 'Select', '1', NULL, 3, 'UAE', NULL, 'DEE - SO1026', 'DEE - SO1026', NULL, '2022-04-01', '00:00:00', '2023-03-31', '00:00:00', 'Confirmed', 'Pending', 'DEE - SO1026', 'Not Started', '2022-08-23 08:55:02', '2022-08-23 08:55:02', NULL, 1, 1, NULL, NULL),
(8, 'Homes R Us', 'LALS Group', 'Select', '1', NULL, 3, 'UAE', NULL, 'DEE - SO1325', 'DEE - SO1325', NULL, '2022-07-21', '00:00:00', '2023-07-20', '00:00:00', 'Confirmed', 'Pending', 'DEE - SO1325', 'Active', '2022-08-23 10:19:19', '2022-08-23 10:19:19', NULL, 1, 1, NULL, NULL),
(9, 'Aldar Education', 'Aldar Academies', 'Select', '1', NULL, 3, 'UAE', NULL, 'DEE - SO1364', 'DEE - SO1364', NULL, '2022-09-05', '00:00:00', '2022-10-04', '00:00:00', 'Confirmed', 'Pending', 'DEE - SO1364', 'Not Started', '2022-08-24 06:02:47', '2022-08-24 06:02:47', NULL, 1, 1, NULL, NULL),
(10, 'Danube Home', 'Danube', 'Select', '1', NULL, 3, 'UAE', NULL, 'JIM - SO493', 'JIM - SO493', NULL, '2022-01-01', '00:00:00', '2022-10-31', '00:00:00', 'Confirmed', 'Pending', 'JIM - SO493', 'Not Started', '2022-08-24 06:07:57', '2022-08-24 06:07:57', NULL, 1, 1, NULL, NULL),
(11, 'L \'Oreal Paris', 'L \'Oreal Middle East', 'Select', '1', NULL, 3, 'UAE', NULL, 'MDN - 1507', 'MDN - 1507', NULL, '2022-09-15', '00:00:00', '2022-10-12', '00:00:00', 'Confirmed', 'Pending', 'MDN - 1507', 'Not Started', '2022-08-24 06:09:50', '2022-08-24 06:09:50', NULL, 1, 1, NULL, NULL),
(12, 'Brahmastra', 'Empire International', 'Select', '1', NULL, 3, 'UAE', NULL, 'MDN - 1538', 'MDN - 1538', NULL, '2022-09-03', '00:00:00', '2022-09-12', '00:00:00', 'Confirmed', 'Pending', 'MDN - 1538', 'Not Started', '2022-08-24 06:11:03', '2022-08-24 06:11:03', NULL, 1, 1, NULL, NULL),
(13, 'London Dairy 2022-2023', 'Unipex Dairy Products Co Ltd', 'Select', '1', NULL, 3, 'UAE', NULL, 'MDN - 629-SO1335', 'MDN - 629-SO1335', NULL, '2022-09-17', '00:00:00', '2022-09-30', '00:00:00', 'Confirmed', 'Pending', 'MDN - 629-SO1335', 'Not Started', '2022-08-24 06:15:27', '2022-08-24 06:15:27', NULL, 1, 1, NULL, NULL),
(14, 'Etisalat Annual', 'Etisalat', 'Select', '1', NULL, 3, 'UAE', NULL, 'MDN - 896', 'MDN - 896', NULL, '2022-09-17', '00:00:00', '2022-09-30', '00:00:00', 'Confirmed', 'Pending', 'MDN - 896', 'Not Started', '2022-08-24 06:17:19', '2022-08-24 06:17:19', NULL, 1, 1, NULL, NULL),
(15, 'Local Championship Season', 'UAE - Jiu Jitsu Fitness', 'Select', '1', NULL, 3, 'UAE', NULL, 'MDN - SO1000', 'MDN - SO1000', NULL, '2022-08-25', '00:00:00', '2022-09-07', '00:00:00', 'Confirmed', 'Pending', 'MDN - SO1000', 'Active', '2022-08-24 06:20:36', '2022-08-24 06:20:36', NULL, 1, 1, NULL, NULL),
(16, 'Samsung Yearly Deal MOE', 'Samsung', 'Select', '1', NULL, 3, 'UAE', NULL, 'MDN - SO1085', 'MDN - SO1085', NULL, '2022-09-01', '00:00:00', '2022-09-30', '00:00:00', 'Confirmed', 'Pending', 'MDN - SO1085', 'Not Started', '2022-08-24 06:23:02', '2022-08-24 06:23:02', NULL, 1, 1, NULL, NULL),
(17, 'Hampton & Double Tree', 'Double Tree by Hilton Resort & Spa Marjan Island', 'Select', '1', NULL, 3, 'UAE', NULL, 'MDN - SO1161', 'MDN - SO1161', NULL, '2022-09-11', '00:00:00', '2022-09-10', '00:00:00', 'Confirmed', 'Pending', 'MDN - SO1161', 'Not Started', '2022-08-24 06:24:16', '2022-08-24 06:24:16', NULL, 1, 1, NULL, NULL),
(18, 'Drops', 'Drops Group Holding', 'Select', '1', NULL, 3, 'UAE', NULL, 'MDN - SO1245', 'MDN - SO1245', NULL, '2022-07-01', '00:00:00', '2022-09-30', '00:00:00', 'Confirmed', 'Pending', 'MDN - SO1245', 'Active', '2022-08-24 06:25:32', '2022-08-24 06:25:32', NULL, 1, 1, NULL, NULL),
(19, 'Aldar Education', 'Aldar Academies', 'Select', '1', NULL, 3, 'UAE', NULL, 'MDN - SO1256', 'MDN - SO1256', NULL, '2022-08-01', '00:00:00', '2022-09-30', '00:00:00', 'Confirmed', 'Pending', 'MDN - SO1256', 'Active', '2022-08-24 06:28:55', '2022-08-24 06:28:55', NULL, 1, 1, NULL, NULL),
(20, 'Amana Launch and Sustain', 'Amana', 'Select', '1', NULL, 3, 'UAE', NULL, 'MDN - SO1340', 'MDN - SO1340', NULL, '2022-09-01', '00:00:00', '2022-09-15', '00:00:00', 'Confirmed', 'Pending', 'MDN - SO1340', 'Not Started', '2022-08-24 06:30:07', '2022-08-24 06:30:07', NULL, 1, 1, NULL, NULL),
(21, 'Dyson', 'Dyson Overseas Distribution Limited', 'Select', '1', NULL, 3, 'UAE', NULL, 'MDN - SO1356', 'MDN - SO1356', NULL, '2022-09-01', '00:00:00', '2022-11-16', '00:00:00', 'Confirmed', 'Pending', NULL, 'Not Started', '2022-08-24 06:32:39', '2022-08-24 06:32:39', NULL, 1, 1, NULL, NULL),
(22, 'MAX', 'Landmark Retail', 'Select', '1', NULL, 3, 'UAE', NULL, 'MDN - SO1363', 'MDN - SO1363', NULL, '2022-08-04', '00:00:00', '2022-09-02', '00:00:00', 'Confirmed', 'Pending', 'MDN - SO1363', 'Active', '2022-08-24 06:33:45', '2022-08-24 06:33:45', NULL, 1, 1, NULL, NULL),
(23, 'Disney She Hulk', 'Disney', 'Select', '1', NULL, 3, 'UAE', NULL, 'MDN - SO1392', 'MDN - SO1392', NULL, '2022-08-18', '00:00:00', '2022-09-09', '00:00:00', 'Confirmed', 'Pending', 'MDN - SO1392', 'Active', '2022-08-24 06:40:09', '2022-08-24 06:40:09', NULL, 1, 1, NULL, NULL),
(29, 'Amarjeet Test', 'Agency1', 'Select', '1', NULL, 1, 'UAE', NULL, 'CN-001', 'CN-001', NULL, '2022-06-12', '00:00:00', '2022-08-20', '00:00:00', 'Confirmed', 'Pending', NULL, 'Active', '2022-10-18 09:48:04', '2022-10-18 10:00:55', NULL, 1, 1, NULL, NULL),
(30, 'Bulgari', 'Apparel Group', 'Select', '1', NULL, 1, 'UAE', NULL, 'DAL - SO989', 'DAL - SO989', NULL, '2022-10-18', '04:00:00', '2022-10-30', '00:00:00', 'Confirmed', 'Pending', NULL, 'Active', '2022-10-18 12:10:59', '2022-10-18 12:12:40', NULL, 1, 1, NULL, NULL);

-- --------------------------------------------------------

--
-- Table structure for table `campaign_assign`
--

CREATE TABLE `campaign_assign` (
  `id` int NOT NULL,
  `campaign_id` int DEFAULT NULL,
  `user_id` int DEFAULT NULL,
  `created_at` timestamp NULL DEFAULT NULL,
  `updated_at` timestamp NULL DEFAULT NULL,
  `deleted_at` timestamp NULL DEFAULT NULL,
  `created_by` int DEFAULT NULL,
  `updated_by` int DEFAULT NULL
) ENGINE=InnoDB DEFAULT CHARSET=utf8mb3;

-- --------------------------------------------------------

--
-- Table structure for table `campaign_buckets`
--

CREATE TABLE `campaign_buckets` (
  `id` int NOT NULL,
  `campaign_id` int DEFAULT NULL,
  `location` int DEFAULT NULL,
  `start_date` date DEFAULT NULL,
  `end_date` date DEFAULT NULL,
  `asset_type` varchar(250) DEFAULT NULL,
  `asset_network` int DEFAULT NULL,
  `asset` int DEFAULT NULL,
  `quantity` int DEFAULT NULL,
  `availability` int DEFAULT NULL,
  `installation_time` varchar(255) DEFAULT NULL,
  `created_at` timestamp NULL DEFAULT NULL,
  `updated_at` timestamp NULL DEFAULT NULL,
  `deleted_at` timestamp NULL DEFAULT NULL,
  `created_by` int DEFAULT NULL,
  `updated_by` int DEFAULT NULL,
  `deleted_by` int DEFAULT NULL
) ENGINE=InnoDB DEFAULT CHARSET=utf8mb3;

--
-- Dumping data for table `campaign_buckets`
--

INSERT INTO `campaign_buckets` (`id`, `campaign_id`, `location`, `start_date`, `end_date`, `asset_type`, `asset_network`, `asset`, `quantity`, `availability`, `installation_time`, `created_at`, `updated_at`, `deleted_at`, `created_by`, `updated_by`, `deleted_by`) VALUES
(1, 29, 4, '2022-06-12', '2022-08-20', 'static', NULL, 2, NULL, NULL, '1036800', '2022-10-18 09:49:13', '2022-10-18 09:49:13', NULL, 1, 1, NULL),
(2, 30, 4, '2022-10-18', '2022-10-30', 'static', NULL, 39, NULL, NULL, '1036800', '2022-10-18 12:10:59', '2022-10-18 12:10:59', NULL, 1, 1, NULL),
(3, 30, 2, '2022-10-18', '2022-10-30', 'static', NULL, 3, NULL, NULL, '1036800', '2022-10-18 12:10:59', '2022-10-18 12:10:59', NULL, 1, 1, NULL),
(4, 30, 2, '2022-10-18', '2022-10-30', 'static', NULL, 16, NULL, NULL, '1036800', '2022-10-18 12:10:59', '2022-10-18 12:10:59', NULL, 1, 1, NULL),
(5, 30, 3, '2022-10-18', '2022-10-30', 'static', NULL, 22, NULL, NULL, '1036800', '2022-10-18 12:10:59', '2022-10-18 12:10:59', NULL, 1, 1, NULL);

-- --------------------------------------------------------

--
-- Table structure for table `campaign_installations`
--

CREATE TABLE `campaign_installations` (
  `id` int NOT NULL,
  `campaign_id` int DEFAULT NULL,
  `type` varchar(255) DEFAULT NULL,
  `instructions` text,
  `priority` varchar(255) DEFAULT NULL,
  `start_date` date DEFAULT NULL,
  `end_date` date DEFAULT NULL,
  `status` varchar(255) DEFAULT NULL,
  `created_at` timestamp NULL DEFAULT NULL,
  `updated_at` timestamp NULL DEFAULT NULL,
  `deleted_at` timestamp NULL DEFAULT NULL,
  `created_by` int DEFAULT NULL,
  `updated_by` int DEFAULT NULL,
  `deleted_by` int DEFAULT NULL
) ENGINE=InnoDB DEFAULT CHARSET=utf8mb3;

-- --------------------------------------------------------

--
-- Table structure for table `campaign_installations_designs`
--

CREATE TABLE `campaign_installations_designs` (
  `id` int NOT NULL,
  `campaign_id` int DEFAULT NULL,
  `installation_id` int DEFAULT NULL,
  `description` text,
  `photo_path` varchar(550) DEFAULT NULL,
  `status` varchar(255) DEFAULT NULL,
  `created_at` timestamp NULL DEFAULT NULL,
  `updated_at` timestamp NULL DEFAULT NULL,
  `created_by` int DEFAULT NULL,
  `updated_by` int DEFAULT NULL
) ENGINE=InnoDB DEFAULT CHARSET=utf8mb3;

-- --------------------------------------------------------

--
-- Table structure for table `campaign_installation_assign`
--

CREATE TABLE `campaign_installation_assign` (
  `id` int NOT NULL,
  `campaign_installation_id` int NOT NULL,
  `user_id` int NOT NULL,
  `created_at` timestamp NULL DEFAULT NULL,
  `updated_at` timestamp NULL DEFAULT NULL,
  `deleted_at` timestamp NULL DEFAULT NULL,
  `created_by` int NOT NULL,
  `updated_by` int NOT NULL
) ENGINE=InnoDB DEFAULT CHARSET=utf8mb4 COLLATE=utf8mb4_0900_ai_ci;

-- --------------------------------------------------------

--
-- Table structure for table `campaign_monitoring`
--

CREATE TABLE `campaign_monitoring` (
  `id` int NOT NULL,
  `campaign_id` int DEFAULT NULL,
  `description` text,
  `photo_path` varchar(550) DEFAULT NULL,
  `status` varchar(150) DEFAULT NULL,
  `created_at` timestamp NULL DEFAULT NULL,
  `updated_at` timestamp NULL DEFAULT NULL,
  `created_by` int DEFAULT NULL,
  `updated_by` int DEFAULT NULL
) ENGINE=InnoDB DEFAULT CHARSET=utf8mb3;

--
-- Dumping data for table `campaign_monitoring`
--

INSERT INTO `campaign_monitoring` (`id`, `campaign_id`, `description`, `photo_path`, `status`, `created_at`, `updated_at`, `created_by`, `updated_by`) VALUES
(1, 29, 'Monitoring', 'https://hyper-taskmanager.s3.ap-south-1.amazonaws.com/campaign_monitoring/274-2742751_1-mb-image-download.jpg', 'Active', '2022-10-18 10:19:32', '2022-10-18 10:19:32', 2, 2),
(2, 30, NULL, 'https://hyper-taskmanager.s3.ap-south-1.amazonaws.com/campaign_monitoring/1665755933921.jfif', 'Active', '2022-10-18 12:13:22', '2022-10-18 12:13:22', 1, 1);

-- --------------------------------------------------------

--
-- Table structure for table `campaign_permits`
--

CREATE TABLE `campaign_permits` (
  `id` int NOT NULL,
  `campaign_id` int DEFAULT NULL,
  `permit_file` varchar(1000) DEFAULT NULL,
  `description` text,
  `created_at` timestamp NULL DEFAULT NULL,
  `updated_at` timestamp NULL DEFAULT NULL,
  `deleted_at` timestamp NULL DEFAULT NULL,
  `created_by` int DEFAULT NULL,
  `updated_by` int DEFAULT NULL
) ENGINE=InnoDB DEFAULT CHARSET=utf8mb3;

-- --------------------------------------------------------

--
-- Table structure for table `campaign_status`
--

CREATE TABLE `campaign_status` (
  `id` int NOT NULL,
  `campaign_id` int DEFAULT NULL,
  `status` varchar(150) DEFAULT NULL,
  `created_at` timestamp NULL DEFAULT NULL,
  `updated_at` timestamp NULL DEFAULT NULL,
  `deleted_at` timestamp NULL DEFAULT NULL,
  `created_by` int DEFAULT NULL,
  `updated_by` int DEFAULT NULL
) ENGINE=InnoDB DEFAULT CHARSET=utf8mb3;

--
-- Dumping data for table `campaign_status`
--

INSERT INTO `campaign_status` (`id`, `campaign_id`, `status`, `created_at`, `updated_at`, `deleted_at`, `created_by`, `updated_by`) VALUES
(1, 1, 'Active', '2022-08-22 10:50:34', '2022-08-22 10:50:34', NULL, 1, 1),
(2, 2, 'Active', '2022-08-22 10:50:40', '2022-08-22 10:50:40', NULL, 1, 1),
(3, 3, 'Active', '2022-08-22 10:50:40', '2022-08-22 10:50:40', NULL, 1, 1),
(4, 4, 'Active', '2022-08-23 08:48:57', '2022-08-23 08:48:57', NULL, 1, 1),
(5, 5, 'Not Started', '2022-08-23 08:50:11', '2022-10-18 09:00:02', '2022-10-18 09:00:02', 1, 1),
(6, 6, 'Not Started', '2022-08-23 08:53:25', '2022-08-23 08:53:25', NULL, 1, 1),
(7, 7, 'Not Started', '2022-08-23 08:55:03', '2022-08-23 08:55:03', NULL, 1, 1),
(8, 8, 'Active', '2022-08-23 10:19:20', '2022-08-23 10:19:20', NULL, 1, 1),
(9, 9, 'Not Started', '2022-08-24 06:02:48', '2022-08-24 06:02:48', NULL, 1, 1),
(10, 10, 'Not Started', '2022-08-24 06:07:57', '2022-08-24 06:07:57', NULL, 1, 1),
(11, 11, 'Not Started', '2022-08-24 06:09:51', '2022-08-24 06:09:51', NULL, 1, 1),
(12, 12, 'Not Started', '2022-08-24 06:11:04', '2022-08-24 06:11:04', NULL, 1, 1),
(13, 13, 'Not Started', '2022-08-24 06:15:28', '2022-08-24 06:15:28', NULL, 1, 1),
(14, 14, 'Not Started', '2022-08-24 06:17:20', '2022-08-24 06:17:20', NULL, 1, 1),
(15, 15, 'Active', '2022-08-24 06:20:37', '2022-08-24 06:20:37', NULL, 1, 1),
(16, 16, 'Not Started', '2022-08-24 06:23:03', '2022-08-24 06:23:03', NULL, 1, 1),
(17, 17, 'Not Started', '2022-08-24 06:24:17', '2022-08-24 06:24:17', NULL, 1, 1),
(18, 18, 'Active', '2022-08-24 06:25:33', '2022-08-24 06:25:33', NULL, 1, 1),
(19, 19, 'Active', '2022-08-24 06:28:56', '2022-08-24 06:28:56', NULL, 1, 1),
(20, 20, 'Not Started', '2022-08-24 06:30:08', '2022-08-24 06:30:08', NULL, 1, 1),
(21, 21, 'Not Started', '2022-08-24 06:32:40', '2022-08-24 06:32:40', NULL, 1, 1),
(22, 22, 'Active', '2022-08-24 06:33:45', '2022-08-24 06:33:45', NULL, 1, 1),
(23, 23, 'Active', '2022-08-24 06:40:10', '2022-08-24 06:40:10', NULL, 1, 1),
(24, 24, 'Not Started', '2022-10-18 08:42:52', '2022-10-18 08:42:52', NULL, 1, 1),
(25, 25, 'Not Started', '2022-10-18 08:44:42', '2022-10-18 08:44:42', NULL, 1, 1),
(26, 5, 'Not Started', '2022-10-18 09:00:02', '2022-10-18 09:01:27', '2022-10-18 09:01:27', 1, 1),
(27, 5, 'Not Started', '2022-10-18 09:01:27', '2022-10-18 09:01:27', NULL, 1, 1),
(28, 26, 'Not Started', '2022-10-18 09:04:52', '2022-10-18 09:04:52', NULL, 1, 1),
(29, 27, 'Not Started', '2022-10-18 09:44:20', '2022-10-18 09:45:53', '2022-10-18 09:45:53', 1, 1),
(30, 27, 'Not Started', '2022-10-18 09:45:53', '2022-10-18 09:45:53', NULL, 1, 1),
(31, 28, 'Not Started', '2022-10-18 09:46:55', '2022-10-18 09:46:55', NULL, 1, 1),
(32, 29, 'Not Started', '2022-10-18 09:48:04', '2022-10-18 09:48:27', '2022-10-18 09:48:27', 1, 1),
(33, 29, 'Not Started', '2022-10-18 09:48:27', '2022-10-18 09:48:49', '2022-10-18 09:48:49', 1, 1),
(34, 29, 'Not Started', '2022-10-18 09:48:49', '2022-10-18 09:49:13', '2022-10-18 09:49:13', 1, 1),
(35, 29, 'Not Started', '2022-10-18 09:49:13', '2022-10-18 10:00:55', '2022-10-18 10:00:55', 1, 1),
(36, 29, 'Active', '2022-10-18 10:00:55', '2022-10-18 10:00:55', NULL, 1, 1),
(37, 30, 'Not Started', '2022-10-18 12:10:59', '2022-10-18 12:12:40', '2022-10-18 12:12:40', 1, 1),
(38, 30, 'Active', '2022-10-18 12:12:40', '2022-10-18 12:12:40', NULL, 1, 1);

-- --------------------------------------------------------

--
-- Table structure for table `clients`
--

CREATE TABLE `clients` (
  `id` int NOT NULL,
  `name` varchar(250) DEFAULT NULL,
  `type` varchar(150) DEFAULT NULL,
  `email` varchar(250) DEFAULT NULL,
  `number` varchar(50) DEFAULT NULL,
  `location` varchar(300) DEFAULT NULL,
  `client_handler` int DEFAULT NULL,
  `status` varchar(50) DEFAULT NULL,
  `created_at` timestamp NULL DEFAULT NULL,
  `updated_at` timestamp NULL DEFAULT NULL,
  `created_by` int DEFAULT NULL,
  `updated_by` int DEFAULT NULL
) ENGINE=InnoDB DEFAULT CHARSET=utf8mb3;

--
-- Dumping data for table `clients`
--

INSERT INTO `clients` (`id`, `name`, `type`, `email`, `number`, `location`, `client_handler`, `status`, `created_at`, `updated_at`, `created_by`, `updated_by`) VALUES
(1, 'Rayqube', 'Direct', 'rayqube@mail.com', '12345', 'Dubai JLT', 3, 'Active', '2022-08-12 07:28:58', '2022-08-12 07:28:58', 1, 1);

-- --------------------------------------------------------

--
-- Table structure for table `contractor`
--

CREATE TABLE `contractor` (
  `id` int NOT NULL,
  `name` varchar(200) DEFAULT NULL,
  `email` varchar(150) DEFAULT NULL,
  `phone` varchar(50) DEFAULT NULL,
  `location` varchar(500) DEFAULT NULL,
  `status` varchar(150) DEFAULT NULL,
  `created_at` timestamp NULL DEFAULT NULL,
  `updated_at` timestamp NULL DEFAULT NULL,
  `created_by` int DEFAULT NULL,
  `updated_by` int DEFAULT NULL
) ENGINE=InnoDB DEFAULT CHARSET=utf8mb3;

-- --------------------------------------------------------

--
-- Table structure for table `defect_monitoring`
--

CREATE TABLE `defect_monitoring` (
  `id` int NOT NULL,
  `description` text,
  `campaign_id` int DEFAULT NULL,
  `video_path` varchar(550) DEFAULT NULL,
  `photo_path` varchar(550) DEFAULT NULL,
  `asset_id` int DEFAULT NULL,
  `location_id` int DEFAULT NULL,
  `status` varchar(150) DEFAULT NULL,
  `created_at` timestamp NULL DEFAULT NULL,
  `updated_at` timestamp NULL DEFAULT NULL,
  `created_by` int DEFAULT NULL,
  `updated_by` int DEFAULT NULL,
  `fixed_at` timestamp NULL DEFAULT NULL,
  `fixed_by` bigint DEFAULT NULL
) ENGINE=InnoDB DEFAULT CHARSET=utf8mb3;

--
-- Dumping data for table `defect_monitoring`
--

INSERT INTO `defect_monitoring` (`id`, `description`, `campaign_id`, `video_path`, `photo_path`, `asset_id`, `location_id`, `status`, `created_at`, `updated_at`, `created_by`, `updated_by`, `fixed_at`, `fixed_by`) VALUES
(1, NULL, NULL, NULL, 'https://hyper-taskmanager.s3.ap-south-1.amazonaws.com/defect_tracking/274-2742751_1-mb-image-download.jpg', 2, 2, 'Active', '2022-10-18 11:45:28', '2022-10-18 11:45:28', 2, 2, NULL, NULL),
(2, NULL, 30, NULL, 'https://hyper-taskmanager.s3.ap-south-1.amazonaws.com/defect_tracking/1665755933921.jfif', 3, 2, 'Active', '2022-10-18 12:13:22', '2022-10-18 12:13:22', 1, 1, NULL, NULL);

-- --------------------------------------------------------

--
-- Table structure for table `departments`
--

CREATE TABLE `departments` (
  `id` int NOT NULL,
  `name` varchar(250) DEFAULT NULL,
  `status` varchar(150) DEFAULT NULL,
  `created_at` timestamp NULL DEFAULT NULL,
  `updated_at` timestamp NULL DEFAULT NULL,
  `deleted_at` timestamp NULL DEFAULT NULL,
  `created_by` int DEFAULT NULL,
  `updated_by` int DEFAULT NULL,
  `deleted_by` int DEFAULT NULL
) ENGINE=InnoDB DEFAULT CHARSET=utf8mb3;

--
-- Dumping data for table `departments`
--

INSERT INTO `departments` (`id`, `name`, `status`, `created_at`, `updated_at`, `deleted_at`, `created_by`, `updated_by`, `deleted_by`) VALUES
(1, 'Outdoor', 'Active', '2022-08-12 07:32:14', '2022-08-12 07:32:14', NULL, 1, 1, NULL),
(2, 'Metro', 'Active', '2022-08-12 07:32:39', '2022-08-12 07:32:39', NULL, 1, 1, NULL),
(3, 'InMall', 'Active', '2022-08-12 07:32:54', '2022-08-12 07:32:54', NULL, 1, 1, NULL),
(4, 'InStore', 'Active', '2022-08-12 07:33:12', '2022-08-12 07:33:12', NULL, 1, 1, NULL);

-- --------------------------------------------------------

--
-- Table structure for table `locations`
--

CREATE TABLE `locations` (
  `id` int NOT NULL,
  `name` varchar(250) DEFAULT NULL,
  `building_name` varchar(250) DEFAULT NULL,
  `street` varchar(200) DEFAULT NULL,
  `area` varchar(250) DEFAULT NULL,
  `city` varchar(150) DEFAULT NULL,
  `country` varchar(250) DEFAULT NULL,
  `near_by_landmark` varchar(500) DEFAULT NULL,
  `status` varchar(100) DEFAULT NULL,
  `created_at` timestamp NULL DEFAULT NULL,
  `updated_at` timestamp NULL DEFAULT NULL,
  `created_by` int DEFAULT NULL,
  `updated_by` int DEFAULT NULL
) ENGINE=InnoDB DEFAULT CHARSET=utf8mb3;

--
-- Dumping data for table `locations`
--

INSERT INTO `locations` (`id`, `name`, `building_name`, `street`, `area`, `city`, `country`, `near_by_landmark`, `status`, `created_at`, `updated_at`, `created_by`, `updated_by`) VALUES
(2, 'G11 - Etisalat', '', '', '', 'Dubai', 'UAE', '', 'Active', '0000-00-00 00:00:00', '0000-00-00 00:00:00', 1, 0),
(3, 'G12 - Al Qusais', '', '', '', 'Dubai', 'UAE', '', 'Active', '0000-00-00 00:00:00', '0000-00-00 00:00:00', 1, 0),
(4, 'G13 - Dubai Airport Freezone', '', '', '', 'Dubai', 'UAE', '', 'Active', '0000-00-00 00:00:00', '0000-00-00 00:00:00', 1, 0),
(5, 'G14 - Al Nahda', '', '', '', 'Dubai', 'UAE', '', 'Active', '0000-00-00 00:00:00', '0000-00-00 00:00:00', 1, 0),
(6, 'G15 - Stadium', '', '', '', 'Dubai', 'UAE', '', 'Active', '0000-00-00 00:00:00', '0000-00-00 00:00:00', 1, 0),
(7, 'G16 - Al Qiyadah', '', '', '', 'Dubai', 'UAE', '', 'Active', '0000-00-00 00:00:00', '0000-00-00 00:00:00', 1, 0),
(8, 'G17 - Abu Hail', '', '', '', 'Dubai', 'UAE', '', 'Active', '0000-00-00 00:00:00', '0000-00-00 00:00:00', 1, 0),
(9, 'G18 - Abu Baker Al Siddique', '', '', '', 'Dubai', 'UAE', '', 'Active', '0000-00-00 00:00:00', '0000-00-00 00:00:00', 1, 0),
(10, 'G21 - Baniyas Square', '', '', '', 'Dubai', 'UAE', '', 'Active', '0000-00-00 00:00:00', '0000-00-00 00:00:00', 1, 0),
(11, 'G22 - Palm Deira', '', '', '', 'Dubai', 'UAE', '', 'Active', '0000-00-00 00:00:00', '0000-00-00 00:00:00', 1, 0),
(12, 'G23 - Al Ras', '', '', '', 'Dubai', 'UAE', '', 'Active', '0000-00-00 00:00:00', '0000-00-00 00:00:00', 1, 0),
(13, 'G24 - Al Ghubaiba', '', '', '', 'Dubai', 'UAE', '', 'Active', '0000-00-00 00:00:00', '0000-00-00 00:00:00', 1, 0),
(14, 'G25 - Sharaf DG', '', '', '', 'Dubai', 'UAE', '', 'Active', '0000-00-00 00:00:00', '0000-00-00 00:00:00', 1, 0),
(15, 'G27 - Oud Metha', '', '', '', 'Dubai', 'UAE', '', 'Active', '0000-00-00 00:00:00', '0000-00-00 00:00:00', 1, 0),
(16, 'G28 - Dubai Healthcare City', '', '', '', 'Dubai', 'UAE', '', 'Active', '0000-00-00 00:00:00', '0000-00-00 00:00:00', 1, 0),
(17, 'G29 - Jadaf', '', '', '', 'Dubai', 'UAE', '', 'Active', '0000-00-00 00:00:00', '0000-00-00 00:00:00', 1, 0),
(18, 'G30 - Creek', '', '', '', 'Dubai', 'UAE', '', 'Active', '0000-00-00 00:00:00', '0000-00-00 00:00:00', 1, 0),
(19, 'R11 - Centerpoint', '', '', '', 'Dubai', 'UAE', '', 'Active', '0000-00-00 00:00:00', '0000-00-00 00:00:00', 1, 0),
(20, 'R12 - Emirates', '', '', '', 'Dubai', 'UAE', '', 'Active', '0000-00-00 00:00:00', '0000-00-00 00:00:00', 1, 0),
(21, 'R13 - Airport T3', '', '', '', 'Dubai', 'UAE', '', 'Active', '0000-00-00 00:00:00', '0000-00-00 00:00:00', 1, 0),
(22, 'R14 - Airport T1', '', '', '', 'Dubai', 'UAE', '', 'Active', '0000-00-00 00:00:00', '0000-00-00 00:00:00', 1, 0),
(23, 'R15 - GGICO', '', '', '', 'Dubai', 'UAE', '', 'Active', '0000-00-00 00:00:00', '0000-00-00 00:00:00', 1, 0),
(24, 'R16 - Deira City Centre', '', '', '', 'Dubai', 'UAE', '', 'Active', '0000-00-00 00:00:00', '0000-00-00 00:00:00', 1, 0),
(25, 'R17 - Al Rigga', '', '', '', 'Dubai', 'UAE', '', 'Active', '0000-00-00 00:00:00', '0000-00-00 00:00:00', 1, 0),
(26, 'R18 - Union Square', '', '', '', 'Dubai', 'UAE', '', 'Active', '0000-00-00 00:00:00', '0000-00-00 00:00:00', 1, 0),
(27, 'R19 - Burjuman', '', '', '', 'Dubai', 'UAE', '', 'Active', '0000-00-00 00:00:00', '0000-00-00 00:00:00', 1, 0),
(28, 'R20 - ADCB', '', '', '', 'Dubai', 'UAE', '', 'Active', '0000-00-00 00:00:00', '0000-00-00 00:00:00', 1, 0),
(29, 'R21 - Max', '', '', '', 'Dubai', 'UAE', '', 'Active', '0000-00-00 00:00:00', '0000-00-00 00:00:00', 1, 0),
(30, 'R22 - Trade Centre', '', '', '', 'Dubai', 'UAE', '', 'Active', '0000-00-00 00:00:00', '0000-00-00 00:00:00', 1, 0),
(31, 'R23 - Emirates Tower', '', '', '', 'Dubai', 'UAE', '', 'Active', '0000-00-00 00:00:00', '0000-00-00 00:00:00', 1, 0),
(32, 'R24 - Financial Centre', '', '', '', 'Dubai', 'UAE', '', 'Active', '0000-00-00 00:00:00', '0000-00-00 00:00:00', 1, 0),
(33, 'R25 - Burj Khalifa/Dubai Mall', '', '', '', 'Dubai', 'UAE', '', 'Active', '0000-00-00 00:00:00', '0000-00-00 00:00:00', 1, 0),
(34, 'R26 - Business Bay', '', '', '', 'Dubai', 'UAE', '', 'Active', '0000-00-00 00:00:00', '0000-00-00 00:00:00', 1, 0),
(35, 'R29 - Al Safa', '', '', '', 'Dubai', 'UAE', '', 'Active', '0000-00-00 00:00:00', '0000-00-00 00:00:00', 1, 0),
(36, 'R31 - Umm Al Sheif', '', '', '', 'Dubai', 'UAE', '', 'Active', '0000-00-00 00:00:00', '0000-00-00 00:00:00', 1, 0),
(37, 'R32 - Mall of Emirates', '', '', '', 'Dubai', 'UAE', '', 'Active', '0000-00-00 00:00:00', '0000-00-00 00:00:00', 1, 0),
(38, 'R33 - Mashreq', '', '', '', 'Dubai', 'UAE', '', 'Active', '0000-00-00 00:00:00', '0000-00-00 00:00:00', 1, 0),
(39, 'R34 - Dubai Internet City', '', '', '', 'Dubai', 'UAE', '', 'Active', '0000-00-00 00:00:00', '0000-00-00 00:00:00', 1, 0),
(40, 'R35 - Al Khail', '', '', '', 'Dubai', 'UAE', '', 'Active', '0000-00-00 00:00:00', '0000-00-00 00:00:00', 1, 0),
(41, 'R36 - Sobha', '', '', '', 'Dubai', 'UAE', '', 'Active', '0000-00-00 00:00:00', '0000-00-00 00:00:00', 1, 0),
(42, 'R37 - DMCC', '', '', '', 'Dubai', 'UAE', '', 'Active', '0000-00-00 00:00:00', '0000-00-00 00:00:00', 1, 0),
(43, 'R38 - Jabel Ali', '', '', '', 'Dubai', 'UAE', '', 'Active', '0000-00-00 00:00:00', '0000-00-00 00:00:00', 1, 0),
(44, 'R39  -Ibn Battuta', '', '', '', 'Dubai', 'UAE', '', 'Active', '0000-00-00 00:00:00', '0000-00-00 00:00:00', 1, 0),
(45, 'R40 - Energy', '', '', '', 'Dubai', 'UAE', '', 'Active', '0000-00-00 00:00:00', '0000-00-00 00:00:00', 1, 0),
(46, 'R41 - Danube', '', '', '', 'Dubai', 'UAE', '', 'Active', '0000-00-00 00:00:00', '0000-00-00 00:00:00', 1, 0),
(47, 'R42 - UAE Exchange', '', '', '', 'Dubai', 'UAE', '', 'Active', '0000-00-00 00:00:00', '0000-00-00 00:00:00', 1, 0),
(48, 'Sheikh Zayed Road', '', '', '', 'Dubai', 'UAE', '', 'Active', '0000-00-00 00:00:00', '0000-00-00 00:00:00', 1, 0),
(49, 'Al Jafiliya', '', '', '', 'Dubai', 'UAE', '', 'Active', '0000-00-00 00:00:00', '0000-00-00 00:00:00', 1, 0),
(50, 'ADCB', '', '', '', 'Dubai', 'UAE', '', 'Active', '0000-00-00 00:00:00', '0000-00-00 00:00:00', 1, 0),
(51, 'Al Rashidiya', '', '', '', 'Dubai', 'UAE', '', 'Active', '0000-00-00 00:00:00', '0000-00-00 00:00:00', 1, 0),
(52, 'Oud Metha', '', '', '', 'Dubai', 'UAE', '', 'Active', '0000-00-00 00:00:00', '0000-00-00 00:00:00', 1, 0),
(53, 'Max', '', '', '', 'Dubai', 'UAE', '', 'Active', '0000-00-00 00:00:00', '0000-00-00 00:00:00', 1, 0),
(54, 'Trade Centre', '', '', '', 'Dubai', 'UAE', '', 'Active', '0000-00-00 00:00:00', '0000-00-00 00:00:00', 1, 0),
(55, 'Emirates Towers', '', '', '', 'Dubai', 'UAE', '', 'Active', '0000-00-00 00:00:00', '0000-00-00 00:00:00', 1, 0),
(56, 'Financial Centre', '', '', '', 'Dubai', 'UAE', '', 'Active', '0000-00-00 00:00:00', '0000-00-00 00:00:00', 1, 0),
(57, 'Burj Khalifa Dubai Mall', '', '', '', 'Dubai', 'UAE', '', 'Active', '0000-00-00 00:00:00', '0000-00-00 00:00:00', 1, 0),
(58, 'Al Safa', '', '', '', 'Dubai', 'UAE', '', 'Active', '0000-00-00 00:00:00', '0000-00-00 00:00:00', 1, 0),
(59, 'Umm Al Sheif', '', '', '', 'Dubai', 'UAE', '', 'Active', '0000-00-00 00:00:00', '0000-00-00 00:00:00', 1, 0),
(60, 'Mashreq', '', '', '', 'Dubai', 'UAE', '', 'Active', '0000-00-00 00:00:00', '0000-00-00 00:00:00', 1, 0),
(61, 'Sobha', '', '', '', 'Dubai', 'UAE', '', 'Active', '0000-00-00 00:00:00', '0000-00-00 00:00:00', 1, 0),
(62, 'DMCC', '', '', '', 'Dubai', 'UAE', '', 'Active', '0000-00-00 00:00:00', '0000-00-00 00:00:00', 1, 0),
(63, 'Ibn Battuta', '', '', '', 'Dubai', 'UAE', '', 'Active', '0000-00-00 00:00:00', '0000-00-00 00:00:00', 1, 0),
(64, 'UAE Exchange', '', '', '', 'Dubai', 'UAE', '', 'Active', '0000-00-00 00:00:00', '0000-00-00 00:00:00', 1, 0),
(65, 'Section 14 (Business Bay to Al Safa)', '', '', '', 'Dubai', 'UAE', '', 'Active', '0000-00-00 00:00:00', '0000-00-00 00:00:00', 1, 0),
(66, 'Section 15 (Al Safa to Umm Al Sheif)', '', '', '', 'Dubai', 'UAE', '', 'Active', '0000-00-00 00:00:00', '0000-00-00 00:00:00', 1, 0),
(67, 'Section 18 (Mashreq to Dubai Internet City)', '', '', '', 'Dubai', 'UAE', '', 'Active', '0000-00-00 00:00:00', '0000-00-00 00:00:00', 1, 0),
(68, 'Section 22 (JLT to Jabel Ali)', '', '', '', 'Dubai', 'UAE', '', 'Active', '0000-00-00 00:00:00', '0000-00-00 00:00:00', 1, 0),
(69, 'Section 24 (Ibn Battuta to Energy)', '', '', '', 'Dubai', 'UAE', '', 'Active', '0000-00-00 00:00:00', '0000-00-00 00:00:00', 1, 0),
(70, 'Section 25 ( Energy)', '', '', '', 'Dubai', 'UAE', '', 'Active', '0000-00-00 00:00:00', '0000-00-00 00:00:00', 1, 0),
(71, 'DIP', '', '', '', 'Dubai', 'UAE', '', 'Active', '0000-00-00 00:00:00', '0000-00-00 00:00:00', 1, 0),
(72, 'Business Bay', '', '', '', 'Dubai', 'UAE', '', 'Active', '0000-00-00 00:00:00', '0000-00-00 00:00:00', 1, 0),
(73, 'Jabel Ali ', '', '', '', 'Dubai', 'UAE', '', 'Active', '0000-00-00 00:00:00', '0000-00-00 00:00:00', 1, 0),
(74, 'Danube', '', '', '', 'Dubai', 'UAE', '', 'Active', '0000-00-00 00:00:00', '0000-00-00 00:00:00', 1, 0),
(75, 'Gardens', '', '', '', 'Dubai', 'UAE', '', 'Active', '0000-00-00 00:00:00', '0000-00-00 00:00:00', 1, 0),
(76, 'Al Furjan', '', '', '', 'Dubai', 'UAE', '', 'Active', '0000-00-00 00:00:00', '0000-00-00 00:00:00', 1, 0),
(77, 'Discovery Gardens', '', '', '', 'Dubai', 'UAE', '', 'Active', '0000-00-00 00:00:00', '0000-00-00 00:00:00', 1, 0),
(78, 'Jumeirah Golf', '', '', '', 'Dubai', 'UAE', '', 'Active', '0000-00-00 00:00:00', '0000-00-00 00:00:00', 1, 0),
(79, 'G12 -Al Qusais', '', '', '', 'Dubai', 'UAE', '', 'Active', '0000-00-00 00:00:00', '0000-00-00 00:00:00', 1, 0),
(80, 'G19 - Salah Al Din', '', '', '', 'Dubai', 'UAE', '', 'Active', '0000-00-00 00:00:00', '0000-00-00 00:00:00', 1, 0),
(81, 'G20 - Union Square', '', '', '', 'Dubai', 'UAE', '', 'Active', '0000-00-00 00:00:00', '0000-00-00 00:00:00', 1, 0),
(83, 'R23 - Emirates Towers', '', '', '', 'Dubai', 'UAE', '', 'Active', '0000-00-00 00:00:00', '0000-00-00 00:00:00', 1, 0),
(85, 'R32 - MOE', '', '', '', 'Dubai', 'UAE', '', 'Active', '0000-00-00 00:00:00', '0000-00-00 00:00:00', 1, 0),
(86, 'R34 - DIC', '', '', '', 'Dubai', 'UAE', '', 'Active', '0000-00-00 00:00:00', '0000-00-00 00:00:00', 1, 0),
(89, 'G-13 Dubai Airport Freezone', '', '', '', 'Dubai', 'UAE', '', 'Active', '0000-00-00 00:00:00', '0000-00-00 00:00:00', 1, 0),
(90, 'DIC', '', '', '', 'Dubai', 'UAE', '', 'Active', '0000-00-00 00:00:00', '0000-00-00 00:00:00', 1, 0),
(91, 'Al khail', '', '', '', 'Dubai', 'UAE', '', 'Active', '0000-00-00 00:00:00', '0000-00-00 00:00:00', 1, 0),
(93, 'Energy', '', '', '', 'Dubai', 'UAE', '', 'Active', '0000-00-00 00:00:00', '0000-00-00 00:00:00', 1, 0),
(94, 'MOE', '', '', '', 'Dubai', 'UAE', '', 'Active', '0000-00-00 00:00:00', '0000-00-00 00:00:00', 1, 0),
(95, 'R70 - Gardens', '', '', '', 'Dubai', 'UAE', '', 'Active', '0000-00-00 00:00:00', '0000-00-00 00:00:00', 1, 0),
(96, 'R71 - Discovery Gardens', '', '', '', 'Dubai', 'UAE', '', 'Active', '0000-00-00 00:00:00', '0000-00-00 00:00:00', 1, 0),
(97, 'R72 - Al Furjan', '', '', '', 'Dubai', 'UAE', '', 'Active', '0000-00-00 00:00:00', '0000-00-00 00:00:00', 1, 0),
(98, 'R73 - Jumeirah Golf', '', '', '', 'Dubai', 'UAE', '', 'Active', '0000-00-00 00:00:00', '0000-00-00 00:00:00', 1, 0),
(99, 'R74 - DIP', '', '', '', 'Dubai', 'UAE', '', 'Active', '0000-00-00 00:00:00', '0000-00-00 00:00:00', 1, 0),
(100, 'name', 'building_name', 'street', 'area', 'city', 'country', 'near_by_landmark', 'status', '0000-00-00 00:00:00', '0000-00-00 00:00:00', 0, 0),
(101, 'InMall - Abu Dhabi Mall', '', '', '', 'Dubai', 'UAE', '', 'Active', '0000-00-00 00:00:00', '0000-00-00 00:00:00', 1, 0),
(102, 'InMall - Al Jimi Mall', '', '', '', 'Dubai', 'UAE', '', 'Active', '0000-00-00 00:00:00', '0000-00-00 00:00:00', 1, 0),
(103, 'InMall - Deerfields Mall', '', '', '', 'Dubai', 'UAE', '', 'Active', '0000-00-00 00:00:00', '0000-00-00 00:00:00', 1, 0),
(104, 'InMall - Mushrif Mall', '', '', '', 'Dubai', 'UAE', '', 'Active', '0000-00-00 00:00:00', '0000-00-00 00:00:00', 1, 0),
(105, 'InMall - Nakheel Mall', '', '', '', 'Dubai', 'UAE', '', 'Active', '0000-00-00 00:00:00', '0000-00-00 00:00:00', 1, 0),
(106, 'InMall - Al Furjan Mall', '', '', '', 'Dubai', 'UAE', '', 'Active', '0000-00-00 00:00:00', '0000-00-00 00:00:00', 1, 0),
(107, 'InMall - Discovery Gardens Mall', '', '', '', 'Dubai', 'UAE', '', 'Active', '0000-00-00 00:00:00', '0000-00-00 00:00:00', 1, 0),
(108, 'InMall - International City Mall', '', '', '', 'Dubai', 'UAE', '', 'Active', '0000-00-00 00:00:00', '0000-00-00 00:00:00', 1, 0),
(109, 'InMall - Jumeirah Park Mall', '', '', '', 'Dubai', 'UAE', '', 'Active', '0000-00-00 00:00:00', '0000-00-00 00:00:00', 1, 0),
(110, 'InMall - The Mall', '', '', '', 'Dubai', 'UAE', '', 'Active', '0000-00-00 00:00:00', '0000-00-00 00:00:00', 1, 0),
(111, 'InMall - Yas Mall', '', '', '', 'Dubai', 'UAE', '', 'Active', '0000-00-00 00:00:00', '0000-00-00 00:00:00', 1, 0),
(112, 'InMall - The Pointe Mall', '', '', '', 'Dubai', 'UAE', '', 'Active', '0000-00-00 00:00:00', '0000-00-00 00:00:00', 1, 0),
(113, 'InMall - Burjuman Mall', '', '', '', 'Dubai', 'UAE', '', 'Active', '0000-00-00 00:00:00', '0000-00-00 00:00:00', 1, 0),
(114, 'InMall - Bawabat Al Sharq Mall', '', '', '', 'Dubai', 'UAE', '', 'Active', '0000-00-00 00:00:00', '0000-00-00 00:00:00', 1, 0),
(115, 'InMall - Dalma Mall', '', '', '', 'Dubai', 'UAE', '', 'Active', '0000-00-00 00:00:00', '0000-00-00 00:00:00', 1, 0),
(116, 'InMall - Reef Mall', '', '', '', 'Dubai', 'UAE', '', 'Active', '0000-00-00 00:00:00', '0000-00-00 00:00:00', 1, 0),
(117, 'InMall - Wafi Mall', '', '', '', 'Dubai', 'UAE', '', 'Active', '0000-00-00 00:00:00', '0000-00-00 00:00:00', 1, 0),
(118, 'InMall - Al Hamra Mall', '', '', '', 'Dubai', 'UAE', '', 'Active', '0000-00-00 00:00:00', '0000-00-00 00:00:00', 1, 0),
(119, 'InMall - Mall of the Emirates', '', '', '', 'Dubai', 'UAE', '', 'Active', '0000-00-00 00:00:00', '0000-00-00 00:00:00', 1, 0),
(120, 'InMall - City Centre Deira', '', '', '', 'Dubai', 'UAE', '', 'Active', '0000-00-00 00:00:00', '0000-00-00 00:00:00', 1, 0),
(121, 'InMall - City Centre Shindagha', '', '', '', 'Dubai', 'UAE', '', 'Active', '0000-00-00 00:00:00', '0000-00-00 00:00:00', 1, 0),
(122, 'InMall - City Centre Mirdif', '', '', '', 'Dubai', 'UAE', '', 'Active', '0000-00-00 00:00:00', '0000-00-00 00:00:00', 1, 0),
(123, 'InMall - City Centre Ajman', '', '', '', 'Dubai', 'UAE', '', 'Active', '0000-00-00 00:00:00', '0000-00-00 00:00:00', 1, 0),
(124, 'InMall - City Centre Sharjah', '', '', '', 'Dubai', 'UAE', '', 'Active', '0000-00-00 00:00:00', '0000-00-00 00:00:00', 1, 0),
(125, 'InMall - City Centre Fujairah', '', '', '', 'Dubai', 'UAE', '', 'Active', '0000-00-00 00:00:00', '0000-00-00 00:00:00', 1, 0),
(126, 'InMall - City Centre Zahia', '', '', '', 'Dubai', 'UAE', '', 'Active', '0000-00-00 00:00:00', '0000-00-00 00:00:00', 1, 0),
(127, 'Outdoor - SZR Abu Dhabi Bound', '', '', '', 'Dubai', 'UAE', '', 'Active', '0000-00-00 00:00:00', '0000-00-00 00:00:00', 1, 0),
(128, 'Outdoor - SZR Dubai Bound', '', '', '', 'Dubai', 'UAE', '', 'Active', '0000-00-00 00:00:00', '0000-00-00 00:00:00', 1, 0),
(129, 'Outdoor - Sidra Tower', '', '', '', 'Dubai', 'UAE', '', 'Active', '0000-00-00 00:00:00', '0000-00-00 00:00:00', 1, 0),
(130, 'Outdoor - Wafi Mall', '', '', '', 'Dubai', 'UAE', '', 'Active', '0000-00-00 00:00:00', '0000-00-00 00:00:00', 1, 0),
(131, 'Outdoor - Nakheel Mall', '', '', '', 'Dubai', 'UAE', '', 'Active', '0000-00-00 00:00:00', '0000-00-00 00:00:00', 1, 0),
(132, 'Outdoor - Baniyas', '', '', '', 'Dubai', 'UAE', '', 'Active', '0000-00-00 00:00:00', '0000-00-00 00:00:00', 1, 0);

-- --------------------------------------------------------

--
-- Table structure for table `model_has_permissions`
--

CREATE TABLE `model_has_permissions` (
  `permission_id` bigint UNSIGNED NOT NULL,
  `model_type` varchar(255) CHARACTER SET utf8 COLLATE utf8_unicode_ci NOT NULL,
  `model_id` bigint UNSIGNED NOT NULL
) ENGINE=InnoDB DEFAULT CHARSET=utf8mb3 COLLATE=utf8_unicode_ci;

-- --------------------------------------------------------

--
-- Table structure for table `model_has_roles`
--

CREATE TABLE `model_has_roles` (
  `role_id` bigint UNSIGNED NOT NULL,
  `model_type` varchar(255) CHARACTER SET utf8 COLLATE utf8_unicode_ci NOT NULL,
  `model_id` bigint UNSIGNED NOT NULL
) ENGINE=InnoDB DEFAULT CHARSET=utf8mb3 COLLATE=utf8_unicode_ci;

--
-- Dumping data for table `model_has_roles`
--

INSERT INTO `model_has_roles` (`role_id`, `model_type`, `model_id`) VALUES
(2, 'App\\Models\\User', 1),
(15, 'App\\Models\\User', 2),
(1, 'App\\Models\\User', 3),
(11, 'App\\Models\\User', 4);

-- --------------------------------------------------------

--
-- Table structure for table `password_resets`
--

CREATE TABLE `password_resets` (
  `email` varchar(255) CHARACTER SET utf8 COLLATE utf8_unicode_ci NOT NULL,
  `token` varchar(255) CHARACTER SET utf8 COLLATE utf8_unicode_ci NOT NULL,
  `created_at` timestamp NULL DEFAULT NULL
) ENGINE=InnoDB DEFAULT CHARSET=utf8mb3 COLLATE=utf8_unicode_ci;

-- --------------------------------------------------------

--
-- Table structure for table `permissions`
--

CREATE TABLE `permissions` (
  `id` bigint UNSIGNED NOT NULL,
  `name` varchar(255) CHARACTER SET utf8 COLLATE utf8_unicode_ci NOT NULL,
  `guard_name` varchar(255) CHARACTER SET utf8 COLLATE utf8_unicode_ci NOT NULL,
  `created_at` timestamp NULL DEFAULT NULL,
  `updated_at` timestamp NULL DEFAULT NULL
) ENGINE=InnoDB DEFAULT CHARSET=utf8mb3 COLLATE=utf8_unicode_ci;

--
-- Dumping data for table `permissions`
--

INSERT INTO `permissions` (`id`, `name`, `guard_name`, `created_at`, `updated_at`) VALUES
(1, 'Level1', 'web', '2021-12-08 08:36:48', '2022-08-09 01:39:46'),
(2, 'Level2', 'web', '2021-12-08 09:06:01', '2022-08-09 01:39:54'),
(3, 'Level3', 'web', '2022-06-08 03:25:27', '2022-08-09 01:40:02'),
(4, 'Level4', 'web', '2022-06-29 08:26:59', '2022-08-09 01:40:11'),
(5, 'Level5', 'web', '2022-08-09 01:40:28', '2022-08-09 01:40:28'),
(6, 'Level6', 'web', '2022-08-09 01:40:35', '2022-08-09 01:40:35'),
(7, 'Level7', 'web', '2022-08-09 02:19:07', '2022-08-09 02:19:07');

-- --------------------------------------------------------

--
-- Table structure for table `roles`
--

CREATE TABLE `roles` (
  `id` bigint UNSIGNED NOT NULL,
  `name` varchar(255) CHARACTER SET utf8 COLLATE utf8_unicode_ci NOT NULL,
  `guard_name` varchar(255) CHARACTER SET utf8 COLLATE utf8_unicode_ci NOT NULL,
  `created_at` timestamp NULL DEFAULT NULL,
  `updated_at` timestamp NULL DEFAULT NULL
) ENGINE=InnoDB DEFAULT CHARSET=utf8mb3 COLLATE=utf8_unicode_ci;

--
-- Dumping data for table `roles`
--

INSERT INTO `roles` (`id`, `name`, `guard_name`, `created_at`, `updated_at`) VALUES
(1, 'Admin1', 'web', '2021-12-08 09:10:28', '2022-08-09 01:44:24'),
(2, 'Admin2', 'web', '2021-12-08 09:15:19', '2022-08-09 01:44:35'),
(3, 'Director', 'web', '2021-12-08 10:17:13', '2022-08-09 01:44:50'),
(4, 'Manager', 'web', '2022-06-08 03:00:03', '2022-08-09 01:45:06'),
(5, 'Specialist', 'web', '2022-08-09 01:45:35', '2022-08-09 01:45:35'),
(6, 'O&M Director', 'web', '2022-08-09 02:13:59', '2022-08-09 02:13:59'),
(7, 'O&M Manager', 'web', '2022-08-09 02:14:30', '2022-08-09 02:14:30'),
(8, 'O&M Coordinator', 'web', '2022-08-09 02:15:22', '2022-08-09 02:15:22'),
(9, 'InMall Director', 'web', '2022-08-09 02:15:52', '2022-08-09 02:15:52'),
(10, 'InMall Manager', 'web', '2022-08-09 02:16:23', '2022-08-09 02:16:23'),
(11, 'InMall Coordinator', 'web', '2022-08-09 02:16:48', '2022-08-09 02:16:48'),
(12, 'InStore Director', 'web', '2022-08-09 02:18:07', '2022-08-09 02:18:07'),
(13, 'InStore Manager', 'web', '2022-08-09 02:18:21', '2022-08-09 02:18:21'),
(14, 'InStore Coordinator', 'web', '2022-08-09 02:18:38', '2022-08-09 02:18:38'),
(15, 'Driver', 'web', '2022-08-09 02:19:20', '2022-08-09 02:19:20');

-- --------------------------------------------------------

--
-- Table structure for table `role_has_permissions`
--

CREATE TABLE `role_has_permissions` (
  `permission_id` bigint UNSIGNED NOT NULL,
  `role_id` bigint UNSIGNED NOT NULL
) ENGINE=InnoDB DEFAULT CHARSET=utf8mb3 COLLATE=utf8_unicode_ci;

--
-- Dumping data for table `role_has_permissions`
--

INSERT INTO `role_has_permissions` (`permission_id`, `role_id`) VALUES
(1, 1),
(2, 2),
(3, 3),
(3, 4),
(4, 5),
(5, 6),
(6, 7),
(6, 8),
(5, 9),
(6, 10),
(6, 11),
(5, 12),
(6, 13),
(6, 14),
(7, 15);

-- --------------------------------------------------------

--
-- Table structure for table `teams`
--

CREATE TABLE `teams` (
  `id` int NOT NULL,
  `name` varchar(350) DEFAULT NULL,
  `supervisor_id` int DEFAULT NULL,
  `created_at` timestamp NULL DEFAULT NULL,
  `updated_at` timestamp NULL DEFAULT NULL,
  `deleted_at` timestamp NULL DEFAULT NULL,
  `created_by` int DEFAULT NULL,
  `updated_by` int DEFAULT NULL
) ENGINE=InnoDB DEFAULT CHARSET=utf8mb3;

-- --------------------------------------------------------

--
-- Table structure for table `team_members`
--

CREATE TABLE `team_members` (
  `id` int NOT NULL,
  `team_id` int DEFAULT NULL,
  `member_id` int DEFAULT NULL
) ENGINE=InnoDB DEFAULT CHARSET=utf8mb3;

-- --------------------------------------------------------

--
-- Table structure for table `users`
--

CREATE TABLE `users` (
  `id` bigint UNSIGNED NOT NULL,
  `name` varchar(255) CHARACTER SET utf8 COLLATE utf8_unicode_ci NOT NULL,
  `email` varchar(255) CHARACTER SET utf8 COLLATE utf8_unicode_ci NOT NULL,
  `email_verified_at` timestamp NULL DEFAULT NULL,
  `password` varchar(255) CHARACTER SET utf8 COLLATE utf8_unicode_ci NOT NULL,
  `status` varchar(255) CHARACTER SET utf8 COLLATE utf8_unicode_ci NOT NULL,
  `remember_token` varchar(100) CHARACTER SET utf8 COLLATE utf8_unicode_ci DEFAULT NULL,
  `created_at` timestamp NULL DEFAULT NULL,
  `updated_at` timestamp NULL DEFAULT NULL
) ENGINE=InnoDB DEFAULT CHARSET=utf8mb3 COLLATE=utf8_unicode_ci;

--
-- Dumping data for table `users`
--

INSERT INTO `users` (`id`, `name`, `email`, `email_verified_at`, `password`, `status`, `remember_token`, `created_at`, `updated_at`) VALUES
(1, 'Admin2', 'admin2@mail.com', NULL, 'bfd59291e825b5f2bbf1eb76569f8fe7', 'Active', NULL, '2022-05-25 07:44:27', '2022-08-09 03:11:54'),
(2, 'Test Driver', 'driver@mail.com', NULL, 'bfd59291e825b5f2bbf1eb76569f8fe7', 'Active', NULL, '2022-06-27 04:46:32', '2022-10-18 10:17:37'),
(3, 'Admin1', 'admin@mail.com', NULL, 'bfd59291e825b5f2bbf1eb76569f8fe7', 'Active', NULL, '2022-08-09 03:12:31', '2022-08-09 03:12:31'),
(4, 'InMall Coordinator User', 'mallcoordinator@mail.com', NULL, 'bfd59291e825b5f2bbf1eb76569f8fe7', 'Active', NULL, '2022-08-09 04:10:05', '2022-08-09 04:10:05');

--
-- Indexes for dumped tables
--

--
-- Indexes for table `assets`
--
ALTER TABLE `assets`
  ADD PRIMARY KEY (`id`),
  ADD UNIQUE KEY `ref_no` (`ref_no`);

--
-- Indexes for table `asset_in_network`
--
ALTER TABLE `asset_in_network`
  ADD PRIMARY KEY (`id`);

--
-- Indexes for table `asset_network`
--
ALTER TABLE `asset_network`
  ADD PRIMARY KEY (`id`);

--
-- Indexes for table `asset_status`
--
ALTER TABLE `asset_status`
  ADD PRIMARY KEY (`id`);

--
-- Indexes for table `campaign`
--
ALTER TABLE `campaign`
  ADD PRIMARY KEY (`id`);

--
-- Indexes for table `campaign_assign`
--
ALTER TABLE `campaign_assign`
  ADD PRIMARY KEY (`id`);

--
-- Indexes for table `campaign_buckets`
--
ALTER TABLE `campaign_buckets`
  ADD PRIMARY KEY (`id`);

--
-- Indexes for table `campaign_installations`
--
ALTER TABLE `campaign_installations`
  ADD PRIMARY KEY (`id`),
  ADD KEY `campaign_id` (`campaign_id`),
  ADD KEY `type` (`type`);

--
-- Indexes for table `campaign_installations_designs`
--
ALTER TABLE `campaign_installations_designs`
  ADD PRIMARY KEY (`id`),
  ADD KEY `campaign_id` (`campaign_id`),
  ADD KEY `installation_id` (`installation_id`);

--
-- Indexes for table `campaign_installation_assign`
--
ALTER TABLE `campaign_installation_assign`
  ADD PRIMARY KEY (`id`);

--
-- Indexes for table `campaign_monitoring`
--
ALTER TABLE `campaign_monitoring`
  ADD PRIMARY KEY (`id`);

--
-- Indexes for table `campaign_permits`
--
ALTER TABLE `campaign_permits`
  ADD PRIMARY KEY (`id`);

--
-- Indexes for table `campaign_status`
--
ALTER TABLE `campaign_status`
  ADD PRIMARY KEY (`id`);

--
-- Indexes for table `clients`
--
ALTER TABLE `clients`
  ADD PRIMARY KEY (`id`);

--
-- Indexes for table `contractor`
--
ALTER TABLE `contractor`
  ADD PRIMARY KEY (`id`);

--
-- Indexes for table `defect_monitoring`
--
ALTER TABLE `defect_monitoring`
  ADD PRIMARY KEY (`id`);

--
-- Indexes for table `departments`
--
ALTER TABLE `departments`
  ADD PRIMARY KEY (`id`);

--
-- Indexes for table `locations`
--
ALTER TABLE `locations`
  ADD PRIMARY KEY (`id`),
  ADD UNIQUE KEY `name` (`name`);

--
-- Indexes for table `model_has_permissions`
--
ALTER TABLE `model_has_permissions`
  ADD PRIMARY KEY (`permission_id`,`model_id`,`model_type`),
  ADD KEY `model_has_permissions_model_id_model_type_index` (`model_id`,`model_type`);

--
-- Indexes for table `model_has_roles`
--
ALTER TABLE `model_has_roles`
  ADD PRIMARY KEY (`role_id`,`model_id`,`model_type`),
  ADD KEY `model_has_roles_model_id_model_type_index` (`model_id`,`model_type`);

--
-- Indexes for table `password_resets`
--
ALTER TABLE `password_resets`
  ADD KEY `password_resets_email_index` (`email`);

--
-- Indexes for table `permissions`
--
ALTER TABLE `permissions`
  ADD PRIMARY KEY (`id`),
  ADD UNIQUE KEY `permissions_name_guard_name_unique` (`name`,`guard_name`);

--
-- Indexes for table `roles`
--
ALTER TABLE `roles`
  ADD PRIMARY KEY (`id`),
  ADD UNIQUE KEY `roles_name_guard_name_unique` (`name`,`guard_name`);

--
-- Indexes for table `role_has_permissions`
--
ALTER TABLE `role_has_permissions`
  ADD PRIMARY KEY (`permission_id`,`role_id`),
  ADD KEY `role_has_permissions_role_id_foreign` (`role_id`);

--
-- Indexes for table `teams`
--
ALTER TABLE `teams`
  ADD PRIMARY KEY (`id`);

--
-- Indexes for table `team_members`
--
ALTER TABLE `team_members`
  ADD PRIMARY KEY (`id`);

--
-- Indexes for table `users`
--
ALTER TABLE `users`
  ADD PRIMARY KEY (`id`),
  ADD UNIQUE KEY `users_email_unique` (`email`);

--
-- AUTO_INCREMENT for dumped tables
--

--
-- AUTO_INCREMENT for table `assets`
--
ALTER TABLE `assets`
  MODIFY `id` int NOT NULL AUTO_INCREMENT, AUTO_INCREMENT=1376;

--
-- AUTO_INCREMENT for table `asset_in_network`
--
ALTER TABLE `asset_in_network`
  MODIFY `id` int NOT NULL AUTO_INCREMENT, AUTO_INCREMENT=10;

--
-- AUTO_INCREMENT for table `asset_network`
--
ALTER TABLE `asset_network`
  MODIFY `id` int NOT NULL AUTO_INCREMENT;

--
-- AUTO_INCREMENT for table `asset_status`
--
ALTER TABLE `asset_status`
  MODIFY `id` int NOT NULL AUTO_INCREMENT, AUTO_INCREMENT=11;

--
-- AUTO_INCREMENT for table `campaign`
--
ALTER TABLE `campaign`
  MODIFY `id` int NOT NULL AUTO_INCREMENT, AUTO_INCREMENT=31;

--
-- AUTO_INCREMENT for table `campaign_assign`
--
ALTER TABLE `campaign_assign`
  MODIFY `id` int NOT NULL AUTO_INCREMENT;

--
-- AUTO_INCREMENT for table `campaign_buckets`
--
ALTER TABLE `campaign_buckets`
  MODIFY `id` int NOT NULL AUTO_INCREMENT, AUTO_INCREMENT=6;

--
-- AUTO_INCREMENT for table `campaign_installations`
--
ALTER TABLE `campaign_installations`
  MODIFY `id` int NOT NULL AUTO_INCREMENT;

--
-- AUTO_INCREMENT for table `campaign_installations_designs`
--
ALTER TABLE `campaign_installations_designs`
  MODIFY `id` int NOT NULL AUTO_INCREMENT;

--
-- AUTO_INCREMENT for table `campaign_installation_assign`
--
ALTER TABLE `campaign_installation_assign`
  MODIFY `id` int NOT NULL AUTO_INCREMENT;

--
-- AUTO_INCREMENT for table `campaign_monitoring`
--
ALTER TABLE `campaign_monitoring`
  MODIFY `id` int NOT NULL AUTO_INCREMENT, AUTO_INCREMENT=3;

--
-- AUTO_INCREMENT for table `campaign_permits`
--
ALTER TABLE `campaign_permits`
  MODIFY `id` int NOT NULL AUTO_INCREMENT;

--
-- AUTO_INCREMENT for table `campaign_status`
--
ALTER TABLE `campaign_status`
  MODIFY `id` int NOT NULL AUTO_INCREMENT, AUTO_INCREMENT=39;

--
-- AUTO_INCREMENT for table `clients`
--
ALTER TABLE `clients`
  MODIFY `id` int NOT NULL AUTO_INCREMENT, AUTO_INCREMENT=2;

--
-- AUTO_INCREMENT for table `contractor`
--
ALTER TABLE `contractor`
  MODIFY `id` int NOT NULL AUTO_INCREMENT;

--
-- AUTO_INCREMENT for table `defect_monitoring`
--
ALTER TABLE `defect_monitoring`
  MODIFY `id` int NOT NULL AUTO_INCREMENT, AUTO_INCREMENT=3;

--
-- AUTO_INCREMENT for table `departments`
--
ALTER TABLE `departments`
  MODIFY `id` int NOT NULL AUTO_INCREMENT, AUTO_INCREMENT=5;

--
-- AUTO_INCREMENT for table `locations`
--
ALTER TABLE `locations`
  MODIFY `id` int NOT NULL AUTO_INCREMENT, AUTO_INCREMENT=133;

--
-- AUTO_INCREMENT for table `permissions`
--
ALTER TABLE `permissions`
  MODIFY `id` bigint UNSIGNED NOT NULL AUTO_INCREMENT, AUTO_INCREMENT=8;

--
-- AUTO_INCREMENT for table `roles`
--
ALTER TABLE `roles`
  MODIFY `id` bigint UNSIGNED NOT NULL AUTO_INCREMENT, AUTO_INCREMENT=16;

--
-- AUTO_INCREMENT for table `teams`
--
ALTER TABLE `teams`
  MODIFY `id` int NOT NULL AUTO_INCREMENT;

--
-- AUTO_INCREMENT for table `team_members`
--
ALTER TABLE `team_members`
  MODIFY `id` int NOT NULL AUTO_INCREMENT;

--
-- AUTO_INCREMENT for table `users`
--
ALTER TABLE `users`
  MODIFY `id` bigint UNSIGNED NOT NULL AUTO_INCREMENT, AUTO_INCREMENT=5;

--
-- Constraints for dumped tables
--

--
-- Constraints for table `model_has_permissions`
--
ALTER TABLE `model_has_permissions`
  ADD CONSTRAINT `model_has_permissions_permission_id_foreign` FOREIGN KEY (`permission_id`) REFERENCES `permissions` (`id`) ON DELETE CASCADE;

--
-- Constraints for table `model_has_roles`
--
ALTER TABLE `model_has_roles`
  ADD CONSTRAINT `model_has_roles_role_id_foreign` FOREIGN KEY (`role_id`) REFERENCES `roles` (`id`) ON DELETE CASCADE;

--
-- Constraints for table `role_has_permissions`
--
ALTER TABLE `role_has_permissions`
  ADD CONSTRAINT `role_has_permissions_permission_id_foreign` FOREIGN KEY (`permission_id`) REFERENCES `permissions` (`id`) ON DELETE CASCADE,
  ADD CONSTRAINT `role_has_permissions_role_id_foreign` FOREIGN KEY (`role_id`) REFERENCES `roles` (`id`) ON DELETE CASCADE;
COMMIT;

/*!40101 SET CHARACTER_SET_CLIENT=@OLD_CHARACTER_SET_CLIENT */;
/*!40101 SET CHARACTER_SET_RESULTS=@OLD_CHARACTER_SET_RESULTS */;
/*!40101 SET COLLATION_CONNECTION=@OLD_COLLATION_CONNECTION */;
